Supplier,Direction,SOC,TempLabel,TempLow,Value,,AUTO-GENERATED — do not edit. Fill the PM_<Supplier> tabs; this sheet flattens them. Save As CSV UTF-8 → powermaps.csv
COSPOWER,Charge,0-10%,T≤0,0,,,
COSPOWER,Charge,10-20%,T≤0,0,,,
COSPOWER,Charge,20-30%,T≤0,0,,,
COSPOWER,Charge,30-40%,T≤0,0,,,
COSPOWER,Charge,40-50%,T≤0,0,,,
COSPOWER,Charge,50-60%,T≤0,0,,,
COSPOWER,Charge,60-70%,T≤0,0,,,
COSPOWER,Charge,70-80%,T≤0,0,,,
COSPOWER,Charge,80-90%,T≤0,0,,,
COSPOWER,Charge,90-95%,T≤0,0,,,
COSPOWER,Charge,95-100%,T≤0,0,,,
COSPOWER,Charge,0-10%,0<T≤5,0,,,
COSPOWER,Charge,10-20%,0<T≤5,0,,,
COSPOWER,Charge,20-30%,0<T≤5,0,,,
COSPOWER,Charge,30-40%,0<T≤5,0,,,
COSPOWER,Charge,40-50%,0<T≤5,0,,,
COSPOWER,Charge,50-60%,0<T≤5,0,,,
COSPOWER,Charge,60-70%,0<T≤5,0,,,
COSPOWER,Charge,70-80%,0<T≤5,0,,,
COSPOWER,Charge,80-90%,0<T≤5,0,,,
COSPOWER,Charge,90-95%,0<T≤5,0,,,
COSPOWER,Charge,95-100%,0<T≤5,0,,,
COSPOWER,Charge,0-10%,5<T≤10,5,,,
COSPOWER,Charge,10-20%,5<T≤10,5,,,
COSPOWER,Charge,20-30%,5<T≤10,5,,,
COSPOWER,Charge,30-40%,5<T≤10,5,,,
COSPOWER,Charge,40-50%,5<T≤10,5,,,
COSPOWER,Charge,50-60%,5<T≤10,5,,,
COSPOWER,Charge,60-70%,5<T≤10,5,,,
COSPOWER,Charge,70-80%,5<T≤10,5,,,
COSPOWER,Charge,80-90%,5<T≤10,5,,,
COSPOWER,Charge,90-95%,5<T≤10,5,,,
COSPOWER,Charge,95-100%,5<T≤10,5,,,
COSPOWER,Charge,0-10%,10<T≤15,10,,,
COSPOWER,Charge,10-20%,10<T≤15,10,,,
COSPOWER,Charge,20-30%,10<T≤15,10,,,
COSPOWER,Charge,30-40%,10<T≤15,10,,,
COSPOWER,Charge,40-50%,10<T≤15,10,,,
COSPOWER,Charge,50-60%,10<T≤15,10,,,
COSPOWER,Charge,60-70%,10<T≤15,10,,,
COSPOWER,Charge,70-80%,10<T≤15,10,,,
COSPOWER,Charge,80-90%,10<T≤15,10,,,
COSPOWER,Charge,90-95%,10<T≤15,10,,,
COSPOWER,Charge,95-100%,10<T≤15,10,,,
COSPOWER,Charge,0-10%,15<T≤20,15,,,
COSPOWER,Charge,10-20%,15<T≤20,15,,,
COSPOWER,Charge,20-30%,15<T≤20,15,,,
COSPOWER,Charge,30-40%,15<T≤20,15,,,
COSPOWER,Charge,40-50%,15<T≤20,15,,,
COSPOWER,Charge,50-60%,15<T≤20,15,,,
COSPOWER,Charge,60-70%,15<T≤20,15,,,
COSPOWER,Charge,70-80%,15<T≤20,15,,,
COSPOWER,Charge,80-90%,15<T≤20,15,,,
COSPOWER,Charge,90-95%,15<T≤20,15,,,
COSPOWER,Charge,95-100%,15<T≤20,15,,,
COSPOWER,Charge,0-10%,20<T≤25,20,,,
COSPOWER,Charge,10-20%,20<T≤25,20,,,
COSPOWER,Charge,20-30%,20<T≤25,20,,,
COSPOWER,Charge,30-40%,20<T≤25,20,,,
COSPOWER,Charge,40-50%,20<T≤25,20,,,
COSPOWER,Charge,50-60%,20<T≤25,20,,,
COSPOWER,Charge,60-70%,20<T≤25,20,,,
COSPOWER,Charge,70-80%,20<T≤25,20,,,
COSPOWER,Charge,80-90%,20<T≤25,20,,,
COSPOWER,Charge,90-95%,20<T≤25,20,,,
COSPOWER,Charge,95-100%,20<T≤25,20,,,
COSPOWER,Charge,0-10%,25<T≤30,25,,,
COSPOWER,Charge,10-20%,25<T≤30,25,,,
COSPOWER,Charge,20-30%,25<T≤30,25,,,
COSPOWER,Charge,30-40%,25<T≤30,25,,,
COSPOWER,Charge,40-50%,25<T≤30,25,,,
COSPOWER,Charge,50-60%,25<T≤30,25,,,
COSPOWER,Charge,60-70%,25<T≤30,25,,,
COSPOWER,Charge,70-80%,25<T≤30,25,,,
COSPOWER,Charge,80-90%,25<T≤30,25,,,
COSPOWER,Charge,90-95%,25<T≤30,25,,,
COSPOWER,Charge,95-100%,25<T≤30,25,,,
COSPOWER,Charge,0-10%,30<T≤35,30,,,
COSPOWER,Charge,10-20%,30<T≤35,30,,,
COSPOWER,Charge,20-30%,30<T≤35,30,,,
COSPOWER,Charge,30-40%,30<T≤35,30,,,
COSPOWER,Charge,40-50%,30<T≤35,30,,,
COSPOWER,Charge,50-60%,30<T≤35,30,,,
COSPOWER,Charge,60-70%,30<T≤35,30,,,
COSPOWER,Charge,70-80%,30<T≤35,30,,,
COSPOWER,Charge,80-90%,30<T≤35,30,,,
COSPOWER,Charge,90-95%,30<T≤35,30,,,
COSPOWER,Charge,95-100%,30<T≤35,30,,,
COSPOWER,Charge,0-10%,35<T≤40,35,,,
COSPOWER,Charge,10-20%,35<T≤40,35,,,
COSPOWER,Charge,20-30%,35<T≤40,35,,,
COSPOWER,Charge,30-40%,35<T≤40,35,,,
COSPOWER,Charge,40-50%,35<T≤40,35,,,
COSPOWER,Charge,50-60%,35<T≤40,35,,,
COSPOWER,Charge,60-70%,35<T≤40,35,,,
COSPOWER,Charge,70-80%,35<T≤40,35,,,
COSPOWER,Charge,80-90%,35<T≤40,35,,,
COSPOWER,Charge,90-95%,35<T≤40,35,,,
COSPOWER,Charge,95-100%,35<T≤40,35,,,
COSPOWER,Charge,0-10%,40<T≤45,40,,,
COSPOWER,Charge,10-20%,40<T≤45,40,,,
COSPOWER,Charge,20-30%,40<T≤45,40,,,
COSPOWER,Charge,30-40%,40<T≤45,40,,,
COSPOWER,Charge,40-50%,40<T≤45,40,,,
COSPOWER,Charge,50-60%,40<T≤45,40,,,
COSPOWER,Charge,60-70%,40<T≤45,40,,,
COSPOWER,Charge,70-80%,40<T≤45,40,,,
COSPOWER,Charge,80-90%,40<T≤45,40,,,
COSPOWER,Charge,90-95%,40<T≤45,40,,,
COSPOWER,Charge,95-100%,40<T≤45,40,,,
COSPOWER,Charge,0-10%,45<T≤50,45,,,
COSPOWER,Charge,10-20%,45<T≤50,45,,,
COSPOWER,Charge,20-30%,45<T≤50,45,,,
COSPOWER,Charge,30-40%,45<T≤50,45,,,
COSPOWER,Charge,40-50%,45<T≤50,45,,,
COSPOWER,Charge,50-60%,45<T≤50,45,,,
COSPOWER,Charge,60-70%,45<T≤50,45,,,
COSPOWER,Charge,70-80%,45<T≤50,45,,,
COSPOWER,Charge,80-90%,45<T≤50,45,,,
COSPOWER,Charge,90-95%,45<T≤50,45,,,
COSPOWER,Charge,95-100%,45<T≤50,45,,,
COSPOWER,Charge,0-10%,50<T≤55,50,,,
COSPOWER,Charge,10-20%,50<T≤55,50,,,
COSPOWER,Charge,20-30%,50<T≤55,50,,,
COSPOWER,Charge,30-40%,50<T≤55,50,,,
COSPOWER,Charge,40-50%,50<T≤55,50,,,
COSPOWER,Charge,50-60%,50<T≤55,50,,,
COSPOWER,Charge,60-70%,50<T≤55,50,,,
COSPOWER,Charge,70-80%,50<T≤55,50,,,
COSPOWER,Charge,80-90%,50<T≤55,50,,,
COSPOWER,Charge,90-95%,50<T≤55,50,,,
COSPOWER,Charge,95-100%,50<T≤55,50,,,
COSPOWER,Charge,0-10%,55<T≤60,55,,,
COSPOWER,Charge,10-20%,55<T≤60,55,,,
COSPOWER,Charge,20-30%,55<T≤60,55,,,
COSPOWER,Charge,30-40%,55<T≤60,55,,,
COSPOWER,Charge,40-50%,55<T≤60,55,,,
COSPOWER,Charge,50-60%,55<T≤60,55,,,
COSPOWER,Charge,60-70%,55<T≤60,55,,,
COSPOWER,Charge,70-80%,55<T≤60,55,,,
COSPOWER,Charge,80-90%,55<T≤60,55,,,
COSPOWER,Charge,90-95%,55<T≤60,55,,,
COSPOWER,Charge,95-100%,55<T≤60,55,,,
COSPOWER,Discharge,0-10%,-30≤T<-25,-30,,,
COSPOWER,Discharge,10-20%,-30≤T<-25,-30,,,
COSPOWER,Discharge,20-30%,-30≤T<-25,-30,,,
COSPOWER,Discharge,30-40%,-30≤T<-25,-30,,,
COSPOWER,Discharge,40-50%,-30≤T<-25,-30,,,
COSPOWER,Discharge,50-60%,-30≤T<-25,-30,,,
COSPOWER,Discharge,60-70%,-30≤T<-25,-30,,,
COSPOWER,Discharge,70-80%,-30≤T<-25,-30,,,
COSPOWER,Discharge,80-90%,-30≤T<-25,-30,,,
COSPOWER,Discharge,90-100%,-30≤T<-25,-30,,,
COSPOWER,Discharge,0-10%,-25≤T<-20,-25,,,
COSPOWER,Discharge,10-20%,-25≤T<-20,-25,,,
COSPOWER,Discharge,20-30%,-25≤T<-20,-25,,,
COSPOWER,Discharge,30-40%,-25≤T<-20,-25,,,
COSPOWER,Discharge,40-50%,-25≤T<-20,-25,,,
COSPOWER,Discharge,50-60%,-25≤T<-20,-25,,,
COSPOWER,Discharge,60-70%,-25≤T<-20,-25,,,
COSPOWER,Discharge,70-80%,-25≤T<-20,-25,,,
COSPOWER,Discharge,80-90%,-25≤T<-20,-25,,,
COSPOWER,Discharge,90-100%,-25≤T<-20,-25,,,
COSPOWER,Discharge,0-10%,-20≤T<-15,-20,,,
COSPOWER,Discharge,10-20%,-20≤T<-15,-20,,,
COSPOWER,Discharge,20-30%,-20≤T<-15,-20,,,
COSPOWER,Discharge,30-40%,-20≤T<-15,-20,,,
COSPOWER,Discharge,40-50%,-20≤T<-15,-20,,,
COSPOWER,Discharge,50-60%,-20≤T<-15,-20,,,
COSPOWER,Discharge,60-70%,-20≤T<-15,-20,,,
COSPOWER,Discharge,70-80%,-20≤T<-15,-20,,,
COSPOWER,Discharge,80-90%,-20≤T<-15,-20,,,
COSPOWER,Discharge,90-100%,-20≤T<-15,-20,,,
COSPOWER,Discharge,0-10%,-15≤T<-10,-15,,,
COSPOWER,Discharge,10-20%,-15≤T<-10,-15,,,
COSPOWER,Discharge,20-30%,-15≤T<-10,-15,,,
COSPOWER,Discharge,30-40%,-15≤T<-10,-15,,,
COSPOWER,Discharge,40-50%,-15≤T<-10,-15,,,
COSPOWER,Discharge,50-60%,-15≤T<-10,-15,,,
COSPOWER,Discharge,60-70%,-15≤T<-10,-15,,,
COSPOWER,Discharge,70-80%,-15≤T<-10,-15,,,
COSPOWER,Discharge,80-90%,-15≤T<-10,-15,,,
COSPOWER,Discharge,90-100%,-15≤T<-10,-15,,,
COSPOWER,Discharge,0-10%,-10≤T<-5,-10,,,
COSPOWER,Discharge,10-20%,-10≤T<-5,-10,,,
COSPOWER,Discharge,20-30%,-10≤T<-5,-10,,,
COSPOWER,Discharge,30-40%,-10≤T<-5,-10,,,
COSPOWER,Discharge,40-50%,-10≤T<-5,-10,,,
COSPOWER,Discharge,50-60%,-10≤T<-5,-10,,,
COSPOWER,Discharge,60-70%,-10≤T<-5,-10,,,
COSPOWER,Discharge,70-80%,-10≤T<-5,-10,,,
COSPOWER,Discharge,80-90%,-10≤T<-5,-10,,,
COSPOWER,Discharge,90-100%,-10≤T<-5,-10,,,
COSPOWER,Discharge,0-10%,-5≤T<0,-5,,,
COSPOWER,Discharge,10-20%,-5≤T<0,-5,,,
COSPOWER,Discharge,20-30%,-5≤T<0,-5,,,
COSPOWER,Discharge,30-40%,-5≤T<0,-5,,,
COSPOWER,Discharge,40-50%,-5≤T<0,-5,,,
COSPOWER,Discharge,50-60%,-5≤T<0,-5,,,
COSPOWER,Discharge,60-70%,-5≤T<0,-5,,,
COSPOWER,Discharge,70-80%,-5≤T<0,-5,,,
COSPOWER,Discharge,80-90%,-5≤T<0,-5,,,
COSPOWER,Discharge,90-100%,-5≤T<0,-5,,,
COSPOWER,Discharge,0-10%,0≤T<5,0,,,
COSPOWER,Discharge,10-20%,0≤T<5,0,,,
COSPOWER,Discharge,20-30%,0≤T<5,0,,,
COSPOWER,Discharge,30-40%,0≤T<5,0,,,
COSPOWER,Discharge,40-50%,0≤T<5,0,,,
COSPOWER,Discharge,50-60%,0≤T<5,0,,,
COSPOWER,Discharge,60-70%,0≤T<5,0,,,
COSPOWER,Discharge,70-80%,0≤T<5,0,,,
COSPOWER,Discharge,80-90%,0≤T<5,0,,,
COSPOWER,Discharge,90-100%,0≤T<5,0,,,
COSPOWER,Discharge,0-10%,5<T≤10,5,,,
COSPOWER,Discharge,10-20%,5<T≤10,5,,,
COSPOWER,Discharge,20-30%,5<T≤10,5,,,
COSPOWER,Discharge,30-40%,5<T≤10,5,,,
COSPOWER,Discharge,40-50%,5<T≤10,5,,,
COSPOWER,Discharge,50-60%,5<T≤10,5,,,
COSPOWER,Discharge,60-70%,5<T≤10,5,,,
COSPOWER,Discharge,70-80%,5<T≤10,5,,,
COSPOWER,Discharge,80-90%,5<T≤10,5,,,
COSPOWER,Discharge,90-100%,5<T≤10,5,,,
COSPOWER,Discharge,0-10%,10<T≤15,10,,,
COSPOWER,Discharge,10-20%,10<T≤15,10,,,
COSPOWER,Discharge,20-30%,10<T≤15,10,,,
COSPOWER,Discharge,30-40%,10<T≤15,10,,,
COSPOWER,Discharge,40-50%,10<T≤15,10,,,
COSPOWER,Discharge,50-60%,10<T≤15,10,,,
COSPOWER,Discharge,60-70%,10<T≤15,10,,,
COSPOWER,Discharge,70-80%,10<T≤15,10,,,
COSPOWER,Discharge,80-90%,10<T≤15,10,,,
COSPOWER,Discharge,90-100%,10<T≤15,10,,,
COSPOWER,Discharge,0-10%,15<T≤20,15,,,
COSPOWER,Discharge,10-20%,15<T≤20,15,,,
COSPOWER,Discharge,20-30%,15<T≤20,15,,,
COSPOWER,Discharge,30-40%,15<T≤20,15,,,
COSPOWER,Discharge,40-50%,15<T≤20,15,,,
COSPOWER,Discharge,50-60%,15<T≤20,15,,,
COSPOWER,Discharge,60-70%,15<T≤20,15,,,
COSPOWER,Discharge,70-80%,15<T≤20,15,,,
COSPOWER,Discharge,80-90%,15<T≤20,15,,,
COSPOWER,Discharge,90-100%,15<T≤20,15,,,
COSPOWER,Discharge,0-10%,20<T≤25,20,,,
COSPOWER,Discharge,10-20%,20<T≤25,20,,,
COSPOWER,Discharge,20-30%,20<T≤25,20,,,
COSPOWER,Discharge,30-40%,20<T≤25,20,,,
COSPOWER,Discharge,40-50%,20<T≤25,20,,,
COSPOWER,Discharge,50-60%,20<T≤25,20,,,
COSPOWER,Discharge,60-70%,20<T≤25,20,,,
COSPOWER,Discharge,70-80%,20<T≤25,20,,,
COSPOWER,Discharge,80-90%,20<T≤25,20,,,
COSPOWER,Discharge,90-100%,20<T≤25,20,,,
COSPOWER,Discharge,0-10%,25<T≤30,25,,,
COSPOWER,Discharge,10-20%,25<T≤30,25,,,
COSPOWER,Discharge,20-30%,25<T≤30,25,,,
COSPOWER,Discharge,30-40%,25<T≤30,25,,,
COSPOWER,Discharge,40-50%,25<T≤30,25,,,
COSPOWER,Discharge,50-60%,25<T≤30,25,,,
COSPOWER,Discharge,60-70%,25<T≤30,25,,,
COSPOWER,Discharge,70-80%,25<T≤30,25,,,
COSPOWER,Discharge,80-90%,25<T≤30,25,,,
COSPOWER,Discharge,90-100%,25<T≤30,25,,,
COSPOWER,Discharge,0-10%,30<T≤35,30,,,
COSPOWER,Discharge,10-20%,30<T≤35,30,,,
COSPOWER,Discharge,20-30%,30<T≤35,30,,,
COSPOWER,Discharge,30-40%,30<T≤35,30,,,
COSPOWER,Discharge,40-50%,30<T≤35,30,,,
COSPOWER,Discharge,50-60%,30<T≤35,30,,,
COSPOWER,Discharge,60-70%,30<T≤35,30,,,
COSPOWER,Discharge,70-80%,30<T≤35,30,,,
COSPOWER,Discharge,80-90%,30<T≤35,30,,,
COSPOWER,Discharge,90-100%,30<T≤35,30,,,
COSPOWER,Discharge,0-10%,35<T≤40,35,,,
COSPOWER,Discharge,10-20%,35<T≤40,35,,,
COSPOWER,Discharge,20-30%,35<T≤40,35,,,
COSPOWER,Discharge,30-40%,35<T≤40,35,,,
COSPOWER,Discharge,40-50%,35<T≤40,35,,,
COSPOWER,Discharge,50-60%,35<T≤40,35,,,
COSPOWER,Discharge,60-70%,35<T≤40,35,,,
COSPOWER,Discharge,70-80%,35<T≤40,35,,,
COSPOWER,Discharge,80-90%,35<T≤40,35,,,
COSPOWER,Discharge,90-100%,35<T≤40,35,,,
COSPOWER,Discharge,0-10%,40<T≤45,40,,,
COSPOWER,Discharge,10-20%,40<T≤45,40,,,
COSPOWER,Discharge,20-30%,40<T≤45,40,,,
COSPOWER,Discharge,30-40%,40<T≤45,40,,,
COSPOWER,Discharge,40-50%,40<T≤45,40,,,
COSPOWER,Discharge,50-60%,40<T≤45,40,,,
COSPOWER,Discharge,60-70%,40<T≤45,40,,,
COSPOWER,Discharge,70-80%,40<T≤45,40,,,
COSPOWER,Discharge,80-90%,40<T≤45,40,,,
COSPOWER,Discharge,90-100%,40<T≤45,40,,,
COSPOWER,Discharge,0-10%,45<T≤50,45,,,
COSPOWER,Discharge,10-20%,45<T≤50,45,,,
COSPOWER,Discharge,20-30%,45<T≤50,45,,,
COSPOWER,Discharge,30-40%,45<T≤50,45,,,
COSPOWER,Discharge,40-50%,45<T≤50,45,,,
COSPOWER,Discharge,50-60%,45<T≤50,45,,,
COSPOWER,Discharge,60-70%,45<T≤50,45,,,
COSPOWER,Discharge,70-80%,45<T≤50,45,,,
COSPOWER,Discharge,80-90%,45<T≤50,45,,,
COSPOWER,Discharge,90-100%,45<T≤50,45,,,
COSPOWER,Discharge,0-10%,50<T≤55,50,,,
COSPOWER,Discharge,10-20%,50<T≤55,50,,,
COSPOWER,Discharge,20-30%,50<T≤55,50,,,
COSPOWER,Discharge,30-40%,50<T≤55,50,,,
COSPOWER,Discharge,40-50%,50<T≤55,50,,,
COSPOWER,Discharge,50-60%,50<T≤55,50,,,
COSPOWER,Discharge,60-70%,50<T≤55,50,,,
COSPOWER,Discharge,70-80%,50<T≤55,50,,,
COSPOWER,Discharge,80-90%,50<T≤55,50,,,
COSPOWER,Discharge,90-100%,50<T≤55,50,,,
COSPOWER,Discharge,0-10%,55<T≤60,55,,,
COSPOWER,Discharge,10-20%,55<T≤60,55,,,
COSPOWER,Discharge,20-30%,55<T≤60,55,,,
COSPOWER,Discharge,30-40%,55<T≤60,55,,,
COSPOWER,Discharge,40-50%,55<T≤60,55,,,
COSPOWER,Discharge,50-60%,55<T≤60,55,,,
COSPOWER,Discharge,60-70%,55<T≤60,55,,,
COSPOWER,Discharge,70-80%,55<T≤60,55,,,
COSPOWER,Discharge,80-90%,55<T≤60,55,,,
COSPOWER,Discharge,90-100%,55<T≤60,55,,,
EVE,Charge,0-10%,T≤0,0,0,,
EVE,Charge,10-20%,T≤0,0,0,,
EVE,Charge,20-30%,T≤0,0,0,,
EVE,Charge,30-40%,T≤0,0,0,,
EVE,Charge,40-50%,T≤0,0,0,,
EVE,Charge,50-60%,T≤0,0,0,,
EVE,Charge,60-70%,T≤0,0,0,,
EVE,Charge,70-80%,T≤0,0,0,,
EVE,Charge,80-90%,T≤0,0,0,,
EVE,Charge,90-95%,T≤0,0,0,,
EVE,Charge,95-100%,T≤0,0,0,,
EVE,Charge,0-10%,0<T≤5,0,0.2,,
EVE,Charge,10-20%,0<T≤5,0,0.2,,
EVE,Charge,20-30%,0<T≤5,0,0.2,,
EVE,Charge,30-40%,0<T≤5,0,0.2,,
EVE,Charge,40-50%,0<T≤5,0,0.2,,
EVE,Charge,50-60%,0<T≤5,0,0.2,,
EVE,Charge,60-70%,0<T≤5,0,0.15,,
EVE,Charge,70-80%,0<T≤5,0,0.1,,
EVE,Charge,80-90%,0<T≤5,0,0.1,,
EVE,Charge,90-95%,0<T≤5,0,0.05,,
EVE,Charge,95-100%,0<T≤5,0,0.05,,
EVE,Charge,0-10%,5<T≤10,5,0.3,,
EVE,Charge,10-20%,5<T≤10,5,0.3,,
EVE,Charge,20-30%,5<T≤10,5,0.3,,
EVE,Charge,30-40%,5<T≤10,5,0.3,,
EVE,Charge,40-50%,5<T≤10,5,0.3,,
EVE,Charge,50-60%,5<T≤10,5,0.3,,
EVE,Charge,60-70%,5<T≤10,5,0.3,,
EVE,Charge,70-80%,5<T≤10,5,0.2,,
EVE,Charge,80-90%,5<T≤10,5,0.2,,
EVE,Charge,90-95%,5<T≤10,5,0.15,,
EVE,Charge,95-100%,5<T≤10,5,0.1,,
EVE,Charge,0-10%,10<T≤15,10,0.5,,
EVE,Charge,10-20%,10<T≤15,10,0.5,,
EVE,Charge,20-30%,10<T≤15,10,0.5,,
EVE,Charge,30-40%,10<T≤15,10,0.5,,
EVE,Charge,40-50%,10<T≤15,10,0.5,,
EVE,Charge,50-60%,10<T≤15,10,0.5,,
EVE,Charge,60-70%,10<T≤15,10,0.5,,
EVE,Charge,70-80%,10<T≤15,10,0.3,,
EVE,Charge,80-90%,10<T≤15,10,0.3,,
EVE,Charge,90-95%,10<T≤15,10,0.25,,
EVE,Charge,95-100%,10<T≤15,10,0.2,,
EVE,Charge,0-10%,15<T≤20,15,0.5,,
EVE,Charge,10-20%,15<T≤20,15,0.5,,
EVE,Charge,20-30%,15<T≤20,15,0.5,,
EVE,Charge,30-40%,15<T≤20,15,0.5,,
EVE,Charge,40-50%,15<T≤20,15,0.5,,
EVE,Charge,50-60%,15<T≤20,15,0.5,,
EVE,Charge,60-70%,15<T≤20,15,0.5,,
EVE,Charge,70-80%,15<T≤20,15,0.5,,
EVE,Charge,80-90%,15<T≤20,15,0.5,,
EVE,Charge,90-95%,15<T≤20,15,0.5,,
EVE,Charge,95-100%,15<T≤20,15,0.4,,
EVE,Charge,0-10%,20<T≤25,20,0.5,,
EVE,Charge,10-20%,20<T≤25,20,0.5,,
EVE,Charge,20-30%,20<T≤25,20,0.5,,
EVE,Charge,30-40%,20<T≤25,20,0.5,,
EVE,Charge,40-50%,20<T≤25,20,0.5,,
EVE,Charge,50-60%,20<T≤25,20,0.5,,
EVE,Charge,60-70%,20<T≤25,20,0.5,,
EVE,Charge,70-80%,20<T≤25,20,0.5,,
EVE,Charge,80-90%,20<T≤25,20,0.5,,
EVE,Charge,90-95%,20<T≤25,20,0.5,,
EVE,Charge,95-100%,20<T≤25,20,0.5,,
EVE,Charge,0-10%,25<T≤30,25,0.5,,
EVE,Charge,10-20%,25<T≤30,25,0.5,,
EVE,Charge,20-30%,25<T≤30,25,0.5,,
EVE,Charge,30-40%,25<T≤30,25,0.5,,
EVE,Charge,40-50%,25<T≤30,25,0.5,,
EVE,Charge,50-60%,25<T≤30,25,0.5,,
EVE,Charge,60-70%,25<T≤30,25,0.5,,
EVE,Charge,70-80%,25<T≤30,25,0.5,,
EVE,Charge,80-90%,25<T≤30,25,0.5,,
EVE,Charge,90-95%,25<T≤30,25,0.5,,
EVE,Charge,95-100%,25<T≤30,25,0.5,,
EVE,Charge,0-10%,30<T≤35,30,0.5,,
EVE,Charge,10-20%,30<T≤35,30,0.5,,
EVE,Charge,20-30%,30<T≤35,30,0.5,,
EVE,Charge,30-40%,30<T≤35,30,0.5,,
EVE,Charge,40-50%,30<T≤35,30,0.5,,
EVE,Charge,50-60%,30<T≤35,30,0.5,,
EVE,Charge,60-70%,30<T≤35,30,0.5,,
EVE,Charge,70-80%,30<T≤35,30,0.5,,
EVE,Charge,80-90%,30<T≤35,30,0.5,,
EVE,Charge,90-95%,30<T≤35,30,0.5,,
EVE,Charge,95-100%,30<T≤35,30,0.5,,
EVE,Charge,0-10%,35<T≤40,35,0.5,,
EVE,Charge,10-20%,35<T≤40,35,0.5,,
EVE,Charge,20-30%,35<T≤40,35,0.5,,
EVE,Charge,30-40%,35<T≤40,35,0.5,,
EVE,Charge,40-50%,35<T≤40,35,0.5,,
EVE,Charge,50-60%,35<T≤40,35,0.5,,
EVE,Charge,60-70%,35<T≤40,35,0.5,,
EVE,Charge,70-80%,35<T≤40,35,0.5,,
EVE,Charge,80-90%,35<T≤40,35,0.5,,
EVE,Charge,90-95%,35<T≤40,35,0.5,,
EVE,Charge,95-100%,35<T≤40,35,0.5,,
EVE,Charge,0-10%,40<T≤45,40,0.5,,
EVE,Charge,10-20%,40<T≤45,40,0.5,,
EVE,Charge,20-30%,40<T≤45,40,0.5,,
EVE,Charge,30-40%,40<T≤45,40,0.5,,
EVE,Charge,40-50%,40<T≤45,40,0.5,,
EVE,Charge,50-60%,40<T≤45,40,0.5,,
EVE,Charge,60-70%,40<T≤45,40,0.5,,
EVE,Charge,70-80%,40<T≤45,40,0.5,,
EVE,Charge,80-90%,40<T≤45,40,0.5,,
EVE,Charge,90-95%,40<T≤45,40,0.5,,
EVE,Charge,95-100%,40<T≤45,40,0.5,,
EVE,Charge,0-10%,45<T≤50,45,0.5,,
EVE,Charge,10-20%,45<T≤50,45,0.5,,
EVE,Charge,20-30%,45<T≤50,45,0.5,,
EVE,Charge,30-40%,45<T≤50,45,0.5,,
EVE,Charge,40-50%,45<T≤50,45,0.5,,
EVE,Charge,50-60%,45<T≤50,45,0.5,,
EVE,Charge,60-70%,45<T≤50,45,0.5,,
EVE,Charge,70-80%,45<T≤50,45,0.5,,
EVE,Charge,80-90%,45<T≤50,45,0.5,,
EVE,Charge,90-95%,45<T≤50,45,0.5,,
EVE,Charge,95-100%,45<T≤50,45,0.5,,
EVE,Charge,0-10%,50<T≤55,50,0.5,,
EVE,Charge,10-20%,50<T≤55,50,0.5,,
EVE,Charge,20-30%,50<T≤55,50,0.5,,
EVE,Charge,30-40%,50<T≤55,50,0.5,,
EVE,Charge,40-50%,50<T≤55,50,0.5,,
EVE,Charge,50-60%,50<T≤55,50,0.5,,
EVE,Charge,60-70%,50<T≤55,50,0.5,,
EVE,Charge,70-80%,50<T≤55,50,0.5,,
EVE,Charge,80-90%,50<T≤55,50,0.5,,
EVE,Charge,90-95%,50<T≤55,50,0.5,,
EVE,Charge,95-100%,50<T≤55,50,0.5,,
EVE,Charge,0-10%,55<T≤60,55,0.5,,
EVE,Charge,10-20%,55<T≤60,55,0.5,,
EVE,Charge,20-30%,55<T≤60,55,0.5,,
EVE,Charge,30-40%,55<T≤60,55,0.5,,
EVE,Charge,40-50%,55<T≤60,55,0.5,,
EVE,Charge,50-60%,55<T≤60,55,0.5,,
EVE,Charge,60-70%,55<T≤60,55,0.5,,
EVE,Charge,70-80%,55<T≤60,55,0.5,,
EVE,Charge,80-90%,55<T≤60,55,0.5,,
EVE,Charge,90-95%,55<T≤60,55,0.5,,
EVE,Charge,95-100%,55<T≤60,55,0.5,,
EVE,Discharge,0-10%,-30≤T<-25,-30,0.5,,
EVE,Discharge,10-20%,-30≤T<-25,-30,0.5,,
EVE,Discharge,20-30%,-30≤T<-25,-30,0.5,,
EVE,Discharge,30-40%,-30≤T<-25,-30,0.5,,
EVE,Discharge,40-50%,-30≤T<-25,-30,0.5,,
EVE,Discharge,50-60%,-30≤T<-25,-30,0.5,,
EVE,Discharge,60-70%,-30≤T<-25,-30,0.5,,
EVE,Discharge,70-80%,-30≤T<-25,-30,0.5,,
EVE,Discharge,80-90%,-30≤T<-25,-30,0.5,,
EVE,Discharge,90-100%,-30≤T<-25,-30,0.5,,
EVE,Discharge,0-10%,-25≤T<-20,-25,0.5,,
EVE,Discharge,10-20%,-25≤T<-20,-25,0.5,,
EVE,Discharge,20-30%,-25≤T<-20,-25,0.5,,
EVE,Discharge,30-40%,-25≤T<-20,-25,0.5,,
EVE,Discharge,40-50%,-25≤T<-20,-25,0.5,,
EVE,Discharge,50-60%,-25≤T<-20,-25,0.5,,
EVE,Discharge,60-70%,-25≤T<-20,-25,0.5,,
EVE,Discharge,70-80%,-25≤T<-20,-25,0.5,,
EVE,Discharge,80-90%,-25≤T<-20,-25,0.5,,
EVE,Discharge,90-100%,-25≤T<-20,-25,0.5,,
EVE,Discharge,0-10%,-20≤T<-15,-20,0.5,,
EVE,Discharge,10-20%,-20≤T<-15,-20,0.5,,
EVE,Discharge,20-30%,-20≤T<-15,-20,0.5,,
EVE,Discharge,30-40%,-20≤T<-15,-20,0.5,,
EVE,Discharge,40-50%,-20≤T<-15,-20,0.5,,
EVE,Discharge,50-60%,-20≤T<-15,-20,0.5,,
EVE,Discharge,60-70%,-20≤T<-15,-20,0.5,,
EVE,Discharge,70-80%,-20≤T<-15,-20,0.5,,
EVE,Discharge,80-90%,-20≤T<-15,-20,0.5,,
EVE,Discharge,90-100%,-20≤T<-15,-20,0.5,,
EVE,Discharge,0-10%,-15≤T<-10,-15,0.5,,
EVE,Discharge,10-20%,-15≤T<-10,-15,0.5,,
EVE,Discharge,20-30%,-15≤T<-10,-15,0.5,,
EVE,Discharge,30-40%,-15≤T<-10,-15,0.5,,
EVE,Discharge,40-50%,-15≤T<-10,-15,0.5,,
EVE,Discharge,50-60%,-15≤T<-10,-15,0.5,,
EVE,Discharge,60-70%,-15≤T<-10,-15,0.5,,
EVE,Discharge,70-80%,-15≤T<-10,-15,0.5,,
EVE,Discharge,80-90%,-15≤T<-10,-15,0.5,,
EVE,Discharge,90-100%,-15≤T<-10,-15,0.5,,
EVE,Discharge,0-10%,-10≤T<-5,-10,0.5,,
EVE,Discharge,10-20%,-10≤T<-5,-10,0.5,,
EVE,Discharge,20-30%,-10≤T<-5,-10,0.5,,
EVE,Discharge,30-40%,-10≤T<-5,-10,0.5,,
EVE,Discharge,40-50%,-10≤T<-5,-10,0.5,,
EVE,Discharge,50-60%,-10≤T<-5,-10,0.5,,
EVE,Discharge,60-70%,-10≤T<-5,-10,0.5,,
EVE,Discharge,70-80%,-10≤T<-5,-10,0.5,,
EVE,Discharge,80-90%,-10≤T<-5,-10,0.5,,
EVE,Discharge,90-100%,-10≤T<-5,-10,0.5,,
EVE,Discharge,0-10%,-5≤T<0,-5,0.5,,
EVE,Discharge,10-20%,-5≤T<0,-5,0.5,,
EVE,Discharge,20-30%,-5≤T<0,-5,0.5,,
EVE,Discharge,30-40%,-5≤T<0,-5,0.5,,
EVE,Discharge,40-50%,-5≤T<0,-5,0.5,,
EVE,Discharge,50-60%,-5≤T<0,-5,0.5,,
EVE,Discharge,60-70%,-5≤T<0,-5,0.5,,
EVE,Discharge,70-80%,-5≤T<0,-5,0.5,,
EVE,Discharge,80-90%,-5≤T<0,-5,0.5,,
EVE,Discharge,90-100%,-5≤T<0,-5,0.5,,
EVE,Discharge,0-10%,0≤T<5,0,0.5,,
EVE,Discharge,10-20%,0≤T<5,0,0.5,,
EVE,Discharge,20-30%,0≤T<5,0,0.5,,
EVE,Discharge,30-40%,0≤T<5,0,0.5,,
EVE,Discharge,40-50%,0≤T<5,0,0.5,,
EVE,Discharge,50-60%,0≤T<5,0,0.5,,
EVE,Discharge,60-70%,0≤T<5,0,0.5,,
EVE,Discharge,70-80%,0≤T<5,0,0.5,,
EVE,Discharge,80-90%,0≤T<5,0,0.5,,
EVE,Discharge,90-100%,0≤T<5,0,0.5,,
EVE,Discharge,0-10%,5<T≤10,5,0.5,,
EVE,Discharge,10-20%,5<T≤10,5,0.5,,
EVE,Discharge,20-30%,5<T≤10,5,0.5,,
EVE,Discharge,30-40%,5<T≤10,5,0.5,,
EVE,Discharge,40-50%,5<T≤10,5,0.5,,
EVE,Discharge,50-60%,5<T≤10,5,0.5,,
EVE,Discharge,60-70%,5<T≤10,5,0.5,,
EVE,Discharge,70-80%,5<T≤10,5,0.5,,
EVE,Discharge,80-90%,5<T≤10,5,0.5,,
EVE,Discharge,90-100%,5<T≤10,5,0.5,,
EVE,Discharge,0-10%,10<T≤15,10,0.5,,
EVE,Discharge,10-20%,10<T≤15,10,0.5,,
EVE,Discharge,20-30%,10<T≤15,10,0.5,,
EVE,Discharge,30-40%,10<T≤15,10,0.5,,
EVE,Discharge,40-50%,10<T≤15,10,0.5,,
EVE,Discharge,50-60%,10<T≤15,10,0.5,,
EVE,Discharge,60-70%,10<T≤15,10,0.5,,
EVE,Discharge,70-80%,10<T≤15,10,0.5,,
EVE,Discharge,80-90%,10<T≤15,10,0.5,,
EVE,Discharge,90-100%,10<T≤15,10,0.5,,
EVE,Discharge,0-10%,15<T≤20,15,0.5,,
EVE,Discharge,10-20%,15<T≤20,15,0.5,,
EVE,Discharge,20-30%,15<T≤20,15,0.5,,
EVE,Discharge,30-40%,15<T≤20,15,0.5,,
EVE,Discharge,40-50%,15<T≤20,15,0.5,,
EVE,Discharge,50-60%,15<T≤20,15,0.5,,
EVE,Discharge,60-70%,15<T≤20,15,0.5,,
EVE,Discharge,70-80%,15<T≤20,15,0.5,,
EVE,Discharge,80-90%,15<T≤20,15,0.5,,
EVE,Discharge,90-100%,15<T≤20,15,0.5,,
EVE,Discharge,0-10%,20<T≤25,20,0.5,,
EVE,Discharge,10-20%,20<T≤25,20,0.5,,
EVE,Discharge,20-30%,20<T≤25,20,0.5,,
EVE,Discharge,30-40%,20<T≤25,20,0.5,,
EVE,Discharge,40-50%,20<T≤25,20,0.5,,
EVE,Discharge,50-60%,20<T≤25,20,0.5,,
EVE,Discharge,60-70%,20<T≤25,20,0.5,,
EVE,Discharge,70-80%,20<T≤25,20,0.5,,
EVE,Discharge,80-90%,20<T≤25,20,0.5,,
EVE,Discharge,90-100%,20<T≤25,20,0.5,,
EVE,Discharge,0-10%,25<T≤30,25,0.5,,
EVE,Discharge,10-20%,25<T≤30,25,0.5,,
EVE,Discharge,20-30%,25<T≤30,25,0.5,,
EVE,Discharge,30-40%,25<T≤30,25,0.5,,
EVE,Discharge,40-50%,25<T≤30,25,0.5,,
EVE,Discharge,50-60%,25<T≤30,25,0.5,,
EVE,Discharge,60-70%,25<T≤30,25,0.5,,
EVE,Discharge,70-80%,25<T≤30,25,0.5,,
EVE,Discharge,80-90%,25<T≤30,25,0.5,,
EVE,Discharge,90-100%,25<T≤30,25,0.5,,
EVE,Discharge,0-10%,30<T≤35,30,0.5,,
EVE,Discharge,10-20%,30<T≤35,30,0.5,,
EVE,Discharge,20-30%,30<T≤35,30,0.5,,
EVE,Discharge,30-40%,30<T≤35,30,0.5,,
EVE,Discharge,40-50%,30<T≤35,30,0.5,,
EVE,Discharge,50-60%,30<T≤35,30,0.5,,
EVE,Discharge,60-70%,30<T≤35,30,0.5,,
EVE,Discharge,70-80%,30<T≤35,30,0.5,,
EVE,Discharge,80-90%,30<T≤35,30,0.5,,
EVE,Discharge,90-100%,30<T≤35,30,0.5,,
EVE,Discharge,0-10%,35<T≤40,35,0.5,,
EVE,Discharge,10-20%,35<T≤40,35,0.5,,
EVE,Discharge,20-30%,35<T≤40,35,0.5,,
EVE,Discharge,30-40%,35<T≤40,35,0.5,,
EVE,Discharge,40-50%,35<T≤40,35,0.5,,
EVE,Discharge,50-60%,35<T≤40,35,0.5,,
EVE,Discharge,60-70%,35<T≤40,35,0.5,,
EVE,Discharge,70-80%,35<T≤40,35,0.5,,
EVE,Discharge,80-90%,35<T≤40,35,0.5,,
EVE,Discharge,90-100%,35<T≤40,35,0.5,,
EVE,Discharge,0-10%,40<T≤45,40,0.5,,
EVE,Discharge,10-20%,40<T≤45,40,0.5,,
EVE,Discharge,20-30%,40<T≤45,40,0.5,,
EVE,Discharge,30-40%,40<T≤45,40,0.5,,
EVE,Discharge,40-50%,40<T≤45,40,0.5,,
EVE,Discharge,50-60%,40<T≤45,40,0.5,,
EVE,Discharge,60-70%,40<T≤45,40,0.5,,
EVE,Discharge,70-80%,40<T≤45,40,0.5,,
EVE,Discharge,80-90%,40<T≤45,40,0.5,,
EVE,Discharge,90-100%,40<T≤45,40,0.5,,
EVE,Discharge,0-10%,45<T≤50,45,0.5,,
EVE,Discharge,10-20%,45<T≤50,45,0.5,,
EVE,Discharge,20-30%,45<T≤50,45,0.5,,
EVE,Discharge,30-40%,45<T≤50,45,0.5,,
EVE,Discharge,40-50%,45<T≤50,45,0.5,,
EVE,Discharge,50-60%,45<T≤50,45,0.5,,
EVE,Discharge,60-70%,45<T≤50,45,0.5,,
EVE,Discharge,70-80%,45<T≤50,45,0.5,,
EVE,Discharge,80-90%,45<T≤50,45,0.5,,
EVE,Discharge,90-100%,45<T≤50,45,0.5,,
EVE,Discharge,0-10%,50<T≤55,50,0.5,,
EVE,Discharge,10-20%,50<T≤55,50,0.5,,
EVE,Discharge,20-30%,50<T≤55,50,0.5,,
EVE,Discharge,30-40%,50<T≤55,50,0.5,,
EVE,Discharge,40-50%,50<T≤55,50,0.5,,
EVE,Discharge,50-60%,50<T≤55,50,0.5,,
EVE,Discharge,60-70%,50<T≤55,50,0.5,,
EVE,Discharge,70-80%,50<T≤55,50,0.5,,
EVE,Discharge,80-90%,50<T≤55,50,0.5,,
EVE,Discharge,90-100%,50<T≤55,50,0.5,,
EVE,Discharge,0-10%,55<T≤60,55,0.5,,
EVE,Discharge,10-20%,55<T≤60,55,0.5,,
EVE,Discharge,20-30%,55<T≤60,55,0.5,,
EVE,Discharge,30-40%,55<T≤60,55,0.5,,
EVE,Discharge,40-50%,55<T≤60,55,0.5,,
EVE,Discharge,50-60%,55<T≤60,55,0.5,,
EVE,Discharge,60-70%,55<T≤60,55,0.5,,
EVE,Discharge,70-80%,55<T≤60,55,0.5,,
EVE,Discharge,80-90%,55<T≤60,55,0.5,,
EVE,Discharge,90-100%,55<T≤60,55,0.5,,
HITHIUM,Charge,0-10%,T≤0,0,0,,
HITHIUM,Charge,10-20%,T≤0,0,0,,
HITHIUM,Charge,20-30%,T≤0,0,0,,
HITHIUM,Charge,30-40%,T≤0,0,0,,
HITHIUM,Charge,40-50%,T≤0,0,0,,
HITHIUM,Charge,50-60%,T≤0,0,0,,
HITHIUM,Charge,60-70%,T≤0,0,0,,
HITHIUM,Charge,70-80%,T≤0,0,0,,
HITHIUM,Charge,80-90%,T≤0,0,0,,
HITHIUM,Charge,90-95%,T≤0,0,0,,
HITHIUM,Charge,95-100%,T≤0,0,0,,
HITHIUM,Charge,0-10%,0<T≤5,0,0.2,,
HITHIUM,Charge,10-20%,0<T≤5,0,0.2,,
HITHIUM,Charge,20-30%,0<T≤5,0,0.2,,
HITHIUM,Charge,30-40%,0<T≤5,0,0.2,,
HITHIUM,Charge,40-50%,0<T≤5,0,0.2,,
HITHIUM,Charge,50-60%,0<T≤5,0,0.2,,
HITHIUM,Charge,60-70%,0<T≤5,0,0.15,,
HITHIUM,Charge,70-80%,0<T≤5,0,0.1,,
HITHIUM,Charge,80-90%,0<T≤5,0,0.1,,
HITHIUM,Charge,90-95%,0<T≤5,0,0.05,,
HITHIUM,Charge,95-100%,0<T≤5,0,0.05,,
HITHIUM,Charge,0-10%,5<T≤10,5,0.3,,
HITHIUM,Charge,10-20%,5<T≤10,5,0.3,,
HITHIUM,Charge,20-30%,5<T≤10,5,0.3,,
HITHIUM,Charge,30-40%,5<T≤10,5,0.3,,
HITHIUM,Charge,40-50%,5<T≤10,5,0.3,,
HITHIUM,Charge,50-60%,5<T≤10,5,0.3,,
HITHIUM,Charge,60-70%,5<T≤10,5,0.3,,
HITHIUM,Charge,70-80%,5<T≤10,5,0.2,,
HITHIUM,Charge,80-90%,5<T≤10,5,0.2,,
HITHIUM,Charge,90-95%,5<T≤10,5,0.15,,
HITHIUM,Charge,95-100%,5<T≤10,5,0.1,,
HITHIUM,Charge,0-10%,10<T≤15,10,0.5,,
HITHIUM,Charge,10-20%,10<T≤15,10,0.5,,
HITHIUM,Charge,20-30%,10<T≤15,10,0.5,,
HITHIUM,Charge,30-40%,10<T≤15,10,0.5,,
HITHIUM,Charge,40-50%,10<T≤15,10,0.5,,
HITHIUM,Charge,50-60%,10<T≤15,10,0.5,,
HITHIUM,Charge,60-70%,10<T≤15,10,0.5,,
HITHIUM,Charge,70-80%,10<T≤15,10,#NAME?,,
HITHIUM,Charge,80-90%,10<T≤15,10,#NAME?,,
HITHIUM,Charge,90-95%,10<T≤15,10,#NAME?,,
HITHIUM,Charge,95-100%,10<T≤15,10,#NAME?,,
HITHIUM,Charge,0-10%,15<T≤20,15,0.5,,
HITHIUM,Charge,10-20%,15<T≤20,15,0.5,,
HITHIUM,Charge,20-30%,15<T≤20,15,0.5,,
HITHIUM,Charge,30-40%,15<T≤20,15,0.5,,
HITHIUM,Charge,40-50%,15<T≤20,15,0.5,,
HITHIUM,Charge,50-60%,15<T≤20,15,0.5,,
HITHIUM,Charge,60-70%,15<T≤20,15,0.5,,
HITHIUM,Charge,70-80%,15<T≤20,15,0.3,,
HITHIUM,Charge,80-90%,15<T≤20,15,0.3,,
HITHIUM,Charge,90-95%,15<T≤20,15,0.25,,
HITHIUM,Charge,95-100%,15<T≤20,15,0.25,,
HITHIUM,Charge,0-10%,20<T≤25,20,0.5,,
HITHIUM,Charge,10-20%,20<T≤25,20,0.5,,
HITHIUM,Charge,20-30%,20<T≤25,20,0.5,,
HITHIUM,Charge,30-40%,20<T≤25,20,0.5,,
HITHIUM,Charge,40-50%,20<T≤25,20,0.5,,
HITHIUM,Charge,50-60%,20<T≤25,20,0.5,,
HITHIUM,Charge,60-70%,20<T≤25,20,0.5,,
HITHIUM,Charge,70-80%,20<T≤25,20,0.5,,
HITHIUM,Charge,80-90%,20<T≤25,20,0.5,,
HITHIUM,Charge,90-95%,20<T≤25,20,0.5,,
HITHIUM,Charge,95-100%,20<T≤25,20,0.5,,
HITHIUM,Charge,0-10%,25<T≤30,25,0.5,,
HITHIUM,Charge,10-20%,25<T≤30,25,0.5,,
HITHIUM,Charge,20-30%,25<T≤30,25,0.5,,
HITHIUM,Charge,30-40%,25<T≤30,25,0.5,,
HITHIUM,Charge,40-50%,25<T≤30,25,0.5,,
HITHIUM,Charge,50-60%,25<T≤30,25,0.5,,
HITHIUM,Charge,60-70%,25<T≤30,25,0.5,,
HITHIUM,Charge,70-80%,25<T≤30,25,0.5,,
HITHIUM,Charge,80-90%,25<T≤30,25,0.5,,
HITHIUM,Charge,90-95%,25<T≤30,25,0.5,,
HITHIUM,Charge,95-100%,25<T≤30,25,0.5,,
HITHIUM,Charge,0-10%,30<T≤35,30,0.5,,
HITHIUM,Charge,10-20%,30<T≤35,30,0.5,,
HITHIUM,Charge,20-30%,30<T≤35,30,0.5,,
HITHIUM,Charge,30-40%,30<T≤35,30,0.5,,
HITHIUM,Charge,40-50%,30<T≤35,30,0.5,,
HITHIUM,Charge,50-60%,30<T≤35,30,0.5,,
HITHIUM,Charge,60-70%,30<T≤35,30,0.5,,
HITHIUM,Charge,70-80%,30<T≤35,30,0.5,,
HITHIUM,Charge,80-90%,30<T≤35,30,0.5,,
HITHIUM,Charge,90-95%,30<T≤35,30,0.5,,
HITHIUM,Charge,95-100%,30<T≤35,30,0.5,,
HITHIUM,Charge,0-10%,35<T≤40,35,0.5,,
HITHIUM,Charge,10-20%,35<T≤40,35,0.5,,
HITHIUM,Charge,20-30%,35<T≤40,35,0.5,,
HITHIUM,Charge,30-40%,35<T≤40,35,0.5,,
HITHIUM,Charge,40-50%,35<T≤40,35,0.5,,
HITHIUM,Charge,50-60%,35<T≤40,35,0.5,,
HITHIUM,Charge,60-70%,35<T≤40,35,0.5,,
HITHIUM,Charge,70-80%,35<T≤40,35,0.5,,
HITHIUM,Charge,80-90%,35<T≤40,35,0.5,,
HITHIUM,Charge,90-95%,35<T≤40,35,0.5,,
HITHIUM,Charge,95-100%,35<T≤40,35,0.5,,
HITHIUM,Charge,0-10%,40<T≤45,40,0.5,,
HITHIUM,Charge,10-20%,40<T≤45,40,0.5,,
HITHIUM,Charge,20-30%,40<T≤45,40,0.5,,
HITHIUM,Charge,30-40%,40<T≤45,40,0.5,,
HITHIUM,Charge,40-50%,40<T≤45,40,0.5,,
HITHIUM,Charge,50-60%,40<T≤45,40,0.5,,
HITHIUM,Charge,60-70%,40<T≤45,40,0.5,,
HITHIUM,Charge,70-80%,40<T≤45,40,0.5,,
HITHIUM,Charge,80-90%,40<T≤45,40,0.5,,
HITHIUM,Charge,90-95%,40<T≤45,40,0.5,,
HITHIUM,Charge,95-100%,40<T≤45,40,0.5,,
HITHIUM,Charge,0-10%,45<T≤50,45,0.5,,
HITHIUM,Charge,10-20%,45<T≤50,45,0.5,,
HITHIUM,Charge,20-30%,45<T≤50,45,0.5,,
HITHIUM,Charge,30-40%,45<T≤50,45,0.5,,
HITHIUM,Charge,40-50%,45<T≤50,45,0.5,,
HITHIUM,Charge,50-60%,45<T≤50,45,0.5,,
HITHIUM,Charge,60-70%,45<T≤50,45,0.5,,
HITHIUM,Charge,70-80%,45<T≤50,45,0.5,,
HITHIUM,Charge,80-90%,45<T≤50,45,0.5,,
HITHIUM,Charge,90-95%,45<T≤50,45,0.5,,
HITHIUM,Charge,95-100%,45<T≤50,45,0.5,,
HITHIUM,Charge,0-10%,50<T≤55,50,0.5,,
HITHIUM,Charge,10-20%,50<T≤55,50,0.5,,
HITHIUM,Charge,20-30%,50<T≤55,50,0.5,,
HITHIUM,Charge,30-40%,50<T≤55,50,0.5,,
HITHIUM,Charge,40-50%,50<T≤55,50,0.5,,
HITHIUM,Charge,50-60%,50<T≤55,50,0.5,,
HITHIUM,Charge,60-70%,50<T≤55,50,0.5,,
HITHIUM,Charge,70-80%,50<T≤55,50,0.5,,
HITHIUM,Charge,80-90%,50<T≤55,50,0.5,,
HITHIUM,Charge,90-95%,50<T≤55,50,0.5,,
HITHIUM,Charge,95-100%,50<T≤55,50,0.5,,
HITHIUM,Charge,0-10%,55<T≤60,55,0.5,,
HITHIUM,Charge,10-20%,55<T≤60,55,0.5,,
HITHIUM,Charge,20-30%,55<T≤60,55,0.5,,
HITHIUM,Charge,30-40%,55<T≤60,55,0.5,,
HITHIUM,Charge,40-50%,55<T≤60,55,0.5,,
HITHIUM,Charge,50-60%,55<T≤60,55,0.5,,
HITHIUM,Charge,60-70%,55<T≤60,55,0.5,,
HITHIUM,Charge,70-80%,55<T≤60,55,0.5,,
HITHIUM,Charge,80-90%,55<T≤60,55,0.5,,
HITHIUM,Charge,90-95%,55<T≤60,55,0.5,,
HITHIUM,Charge,95-100%,55<T≤60,55,0.5,,
HITHIUM,Discharge,0-10%,-30≤T<-25,-30,0.5,,
HITHIUM,Discharge,10-20%,-30≤T<-25,-30,0.5,,
HITHIUM,Discharge,20-30%,-30≤T<-25,-30,0.5,,
HITHIUM,Discharge,30-40%,-30≤T<-25,-30,0.5,,
HITHIUM,Discharge,40-50%,-30≤T<-25,-30,0.5,,
HITHIUM,Discharge,50-60%,-30≤T<-25,-30,0.5,,
HITHIUM,Discharge,60-70%,-30≤T<-25,-30,0.5,,
HITHIUM,Discharge,70-80%,-30≤T<-25,-30,0.5,,
HITHIUM,Discharge,80-90%,-30≤T<-25,-30,0.5,,
HITHIUM,Discharge,90-100%,-30≤T<-25,-30,0.5,,
HITHIUM,Discharge,0-10%,-25≤T<-20,-25,0.5,,
HITHIUM,Discharge,10-20%,-25≤T<-20,-25,0.5,,
HITHIUM,Discharge,20-30%,-25≤T<-20,-25,0.5,,
HITHIUM,Discharge,30-40%,-25≤T<-20,-25,0.5,,
HITHIUM,Discharge,40-50%,-25≤T<-20,-25,0.5,,
HITHIUM,Discharge,50-60%,-25≤T<-20,-25,0.5,,
HITHIUM,Discharge,60-70%,-25≤T<-20,-25,0.5,,
HITHIUM,Discharge,70-80%,-25≤T<-20,-25,0.5,,
HITHIUM,Discharge,80-90%,-25≤T<-20,-25,0.5,,
HITHIUM,Discharge,90-100%,-25≤T<-20,-25,0.5,,
HITHIUM,Discharge,0-10%,-20≤T<-15,-20,0.5,,
HITHIUM,Discharge,10-20%,-20≤T<-15,-20,0.5,,
HITHIUM,Discharge,20-30%,-20≤T<-15,-20,0.5,,
HITHIUM,Discharge,30-40%,-20≤T<-15,-20,0.5,,
HITHIUM,Discharge,40-50%,-20≤T<-15,-20,0.5,,
HITHIUM,Discharge,50-60%,-20≤T<-15,-20,0.5,,
HITHIUM,Discharge,60-70%,-20≤T<-15,-20,0.5,,
HITHIUM,Discharge,70-80%,-20≤T<-15,-20,0.5,,
HITHIUM,Discharge,80-90%,-20≤T<-15,-20,0.5,,
HITHIUM,Discharge,90-100%,-20≤T<-15,-20,0.5,,
HITHIUM,Discharge,0-10%,-15≤T<-10,-15,0.5,,
HITHIUM,Discharge,10-20%,-15≤T<-10,-15,0.5,,
HITHIUM,Discharge,20-30%,-15≤T<-10,-15,0.5,,
HITHIUM,Discharge,30-40%,-15≤T<-10,-15,0.5,,
HITHIUM,Discharge,40-50%,-15≤T<-10,-15,0.5,,
HITHIUM,Discharge,50-60%,-15≤T<-10,-15,0.5,,
HITHIUM,Discharge,60-70%,-15≤T<-10,-15,0.5,,
HITHIUM,Discharge,70-80%,-15≤T<-10,-15,0.5,,
HITHIUM,Discharge,80-90%,-15≤T<-10,-15,0.5,,
HITHIUM,Discharge,90-100%,-15≤T<-10,-15,0.5,,
HITHIUM,Discharge,0-10%,-10≤T<-5,-10,0.5,,
HITHIUM,Discharge,10-20%,-10≤T<-5,-10,0.5,,
HITHIUM,Discharge,20-30%,-10≤T<-5,-10,0.5,,
HITHIUM,Discharge,30-40%,-10≤T<-5,-10,0.5,,
HITHIUM,Discharge,40-50%,-10≤T<-5,-10,0.5,,
HITHIUM,Discharge,50-60%,-10≤T<-5,-10,0.5,,
HITHIUM,Discharge,60-70%,-10≤T<-5,-10,0.5,,
HITHIUM,Discharge,70-80%,-10≤T<-5,-10,0.5,,
HITHIUM,Discharge,80-90%,-10≤T<-5,-10,0.5,,
HITHIUM,Discharge,90-100%,-10≤T<-5,-10,0.5,,
HITHIUM,Discharge,0-10%,-5≤T<0,-5,0.5,,
HITHIUM,Discharge,10-20%,-5≤T<0,-5,0.5,,
HITHIUM,Discharge,20-30%,-5≤T<0,-5,0.5,,
HITHIUM,Discharge,30-40%,-5≤T<0,-5,0.5,,
HITHIUM,Discharge,40-50%,-5≤T<0,-5,0.5,,
HITHIUM,Discharge,50-60%,-5≤T<0,-5,0.5,,
HITHIUM,Discharge,60-70%,-5≤T<0,-5,0.5,,
HITHIUM,Discharge,70-80%,-5≤T<0,-5,0.5,,
HITHIUM,Discharge,80-90%,-5≤T<0,-5,0.5,,
HITHIUM,Discharge,90-100%,-5≤T<0,-5,0.5,,
HITHIUM,Discharge,0-10%,0≤T<5,0,0.5,,
HITHIUM,Discharge,10-20%,0≤T<5,0,0.5,,
HITHIUM,Discharge,20-30%,0≤T<5,0,0.5,,
HITHIUM,Discharge,30-40%,0≤T<5,0,0.5,,
HITHIUM,Discharge,40-50%,0≤T<5,0,0.5,,
HITHIUM,Discharge,50-60%,0≤T<5,0,0.5,,
HITHIUM,Discharge,60-70%,0≤T<5,0,0.5,,
HITHIUM,Discharge,70-80%,0≤T<5,0,0.5,,
HITHIUM,Discharge,80-90%,0≤T<5,0,0.5,,
HITHIUM,Discharge,90-100%,0≤T<5,0,0.5,,
HITHIUM,Discharge,0-10%,5<T≤10,5,0.5,,
HITHIUM,Discharge,10-20%,5<T≤10,5,0.5,,
HITHIUM,Discharge,20-30%,5<T≤10,5,0.5,,
HITHIUM,Discharge,30-40%,5<T≤10,5,0.5,,
HITHIUM,Discharge,40-50%,5<T≤10,5,0.5,,
HITHIUM,Discharge,50-60%,5<T≤10,5,0.5,,
HITHIUM,Discharge,60-70%,5<T≤10,5,0.5,,
HITHIUM,Discharge,70-80%,5<T≤10,5,0.5,,
HITHIUM,Discharge,80-90%,5<T≤10,5,0.5,,
HITHIUM,Discharge,90-100%,5<T≤10,5,0.5,,
HITHIUM,Discharge,0-10%,10<T≤15,10,0.5,,
HITHIUM,Discharge,10-20%,10<T≤15,10,0.5,,
HITHIUM,Discharge,20-30%,10<T≤15,10,0.5,,
HITHIUM,Discharge,30-40%,10<T≤15,10,0.5,,
HITHIUM,Discharge,40-50%,10<T≤15,10,0.5,,
HITHIUM,Discharge,50-60%,10<T≤15,10,0.5,,
HITHIUM,Discharge,60-70%,10<T≤15,10,0.5,,
HITHIUM,Discharge,70-80%,10<T≤15,10,0.5,,
HITHIUM,Discharge,80-90%,10<T≤15,10,0.5,,
HITHIUM,Discharge,90-100%,10<T≤15,10,0.5,,
HITHIUM,Discharge,0-10%,15<T≤20,15,0.5,,
HITHIUM,Discharge,10-20%,15<T≤20,15,0.5,,
HITHIUM,Discharge,20-30%,15<T≤20,15,0.5,,
HITHIUM,Discharge,30-40%,15<T≤20,15,0.5,,
HITHIUM,Discharge,40-50%,15<T≤20,15,0.5,,
HITHIUM,Discharge,50-60%,15<T≤20,15,0.5,,
HITHIUM,Discharge,60-70%,15<T≤20,15,0.5,,
HITHIUM,Discharge,70-80%,15<T≤20,15,0.5,,
HITHIUM,Discharge,80-90%,15<T≤20,15,0.5,,
HITHIUM,Discharge,90-100%,15<T≤20,15,0.5,,
HITHIUM,Discharge,0-10%,20<T≤25,20,0.5,,
HITHIUM,Discharge,10-20%,20<T≤25,20,0.5,,
HITHIUM,Discharge,20-30%,20<T≤25,20,0.5,,
HITHIUM,Discharge,30-40%,20<T≤25,20,0.5,,
HITHIUM,Discharge,40-50%,20<T≤25,20,0.5,,
HITHIUM,Discharge,50-60%,20<T≤25,20,0.5,,
HITHIUM,Discharge,60-70%,20<T≤25,20,0.5,,
HITHIUM,Discharge,70-80%,20<T≤25,20,0.5,,
HITHIUM,Discharge,80-90%,20<T≤25,20,0.5,,
HITHIUM,Discharge,90-100%,20<T≤25,20,0.5,,
HITHIUM,Discharge,0-10%,25<T≤30,25,0.5,,
HITHIUM,Discharge,10-20%,25<T≤30,25,0.5,,
HITHIUM,Discharge,20-30%,25<T≤30,25,0.5,,
HITHIUM,Discharge,30-40%,25<T≤30,25,0.5,,
HITHIUM,Discharge,40-50%,25<T≤30,25,0.5,,
HITHIUM,Discharge,50-60%,25<T≤30,25,0.5,,
HITHIUM,Discharge,60-70%,25<T≤30,25,0.5,,
HITHIUM,Discharge,70-80%,25<T≤30,25,0.5,,
HITHIUM,Discharge,80-90%,25<T≤30,25,0.5,,
HITHIUM,Discharge,90-100%,25<T≤30,25,0.5,,
HITHIUM,Discharge,0-10%,30<T≤35,30,0.5,,
HITHIUM,Discharge,10-20%,30<T≤35,30,0.5,,
HITHIUM,Discharge,20-30%,30<T≤35,30,0.5,,
HITHIUM,Discharge,30-40%,30<T≤35,30,0.5,,
HITHIUM,Discharge,40-50%,30<T≤35,30,0.5,,
HITHIUM,Discharge,50-60%,30<T≤35,30,0.5,,
HITHIUM,Discharge,60-70%,30<T≤35,30,0.5,,
HITHIUM,Discharge,70-80%,30<T≤35,30,0.5,,
HITHIUM,Discharge,80-90%,30<T≤35,30,0.5,,
HITHIUM,Discharge,90-100%,30<T≤35,30,0.5,,
HITHIUM,Discharge,0-10%,35<T≤40,35,0.5,,
HITHIUM,Discharge,10-20%,35<T≤40,35,0.5,,
HITHIUM,Discharge,20-30%,35<T≤40,35,0.5,,
HITHIUM,Discharge,30-40%,35<T≤40,35,0.5,,
HITHIUM,Discharge,40-50%,35<T≤40,35,0.5,,
HITHIUM,Discharge,50-60%,35<T≤40,35,0.5,,
HITHIUM,Discharge,60-70%,35<T≤40,35,0.5,,
HITHIUM,Discharge,70-80%,35<T≤40,35,0.5,,
HITHIUM,Discharge,80-90%,35<T≤40,35,0.5,,
HITHIUM,Discharge,90-100%,35<T≤40,35,0.5,,
HITHIUM,Discharge,0-10%,40<T≤45,40,0.5,,
HITHIUM,Discharge,10-20%,40<T≤45,40,0.5,,
HITHIUM,Discharge,20-30%,40<T≤45,40,0.5,,
HITHIUM,Discharge,30-40%,40<T≤45,40,0.5,,
HITHIUM,Discharge,40-50%,40<T≤45,40,0.5,,
HITHIUM,Discharge,50-60%,40<T≤45,40,0.5,,
HITHIUM,Discharge,60-70%,40<T≤45,40,0.5,,
HITHIUM,Discharge,70-80%,40<T≤45,40,0.5,,
HITHIUM,Discharge,80-90%,40<T≤45,40,0.5,,
HITHIUM,Discharge,90-100%,40<T≤45,40,0.5,,
HITHIUM,Discharge,0-10%,45<T≤50,45,0.5,,
HITHIUM,Discharge,10-20%,45<T≤50,45,0.5,,
HITHIUM,Discharge,20-30%,45<T≤50,45,0.5,,
HITHIUM,Discharge,30-40%,45<T≤50,45,0.5,,
HITHIUM,Discharge,40-50%,45<T≤50,45,0.5,,
HITHIUM,Discharge,50-60%,45<T≤50,45,0.5,,
HITHIUM,Discharge,60-70%,45<T≤50,45,0.5,,
HITHIUM,Discharge,70-80%,45<T≤50,45,0.5,,
HITHIUM,Discharge,80-90%,45<T≤50,45,0.5,,
HITHIUM,Discharge,90-100%,45<T≤50,45,0.5,,
HITHIUM,Discharge,0-10%,50<T≤55,50,0.5,,
HITHIUM,Discharge,10-20%,50<T≤55,50,0.5,,
HITHIUM,Discharge,20-30%,50<T≤55,50,0.5,,
HITHIUM,Discharge,30-40%,50<T≤55,50,0.5,,
HITHIUM,Discharge,40-50%,50<T≤55,50,0.5,,
HITHIUM,Discharge,50-60%,50<T≤55,50,0.5,,
HITHIUM,Discharge,60-70%,50<T≤55,50,0.5,,
HITHIUM,Discharge,70-80%,50<T≤55,50,0.5,,
HITHIUM,Discharge,80-90%,50<T≤55,50,0.5,,
HITHIUM,Discharge,90-100%,50<T≤55,50,0.5,,
HITHIUM,Discharge,0-10%,55<T≤60,55,0.5,,
HITHIUM,Discharge,10-20%,55<T≤60,55,0.5,,
HITHIUM,Discharge,20-30%,55<T≤60,55,0.5,,
HITHIUM,Discharge,30-40%,55<T≤60,55,0.5,,
HITHIUM,Discharge,40-50%,55<T≤60,55,0.5,,
HITHIUM,Discharge,50-60%,55<T≤60,55,0.5,,
HITHIUM,Discharge,60-70%,55<T≤60,55,0.5,,
HITHIUM,Discharge,70-80%,55<T≤60,55,0.5,,
HITHIUM,Discharge,80-90%,55<T≤60,55,0.5,,
HITHIUM,Discharge,90-100%,55<T≤60,55,0.5,,
YOUNGY ENERGY,Charge,0-10%,T≤0,0,0,,
YOUNGY ENERGY,Charge,10-20%,T≤0,0,0,,
YOUNGY ENERGY,Charge,20-30%,T≤0,0,0,,
YOUNGY ENERGY,Charge,30-40%,T≤0,0,0,,
YOUNGY ENERGY,Charge,40-50%,T≤0,0,0,,
YOUNGY ENERGY,Charge,50-60%,T≤0,0,0,,
YOUNGY ENERGY,Charge,60-70%,T≤0,0,0,,
YOUNGY ENERGY,Charge,70-80%,T≤0,0,0,,
YOUNGY ENERGY,Charge,80-90%,T≤0,0,0,,
YOUNGY ENERGY,Charge,90-95%,T≤0,0,0,,
YOUNGY ENERGY,Charge,95-100%,T≤0,0,0,,
YOUNGY ENERGY,Charge,0-10%,0<T≤5,0,0.05,,
YOUNGY ENERGY,Charge,10-20%,0<T≤5,0,0.05,,
YOUNGY ENERGY,Charge,20-30%,0<T≤5,0,0.05,,
YOUNGY ENERGY,Charge,30-40%,0<T≤5,0,0.05,,
YOUNGY ENERGY,Charge,40-50%,0<T≤5,0,0.05,,
YOUNGY ENERGY,Charge,50-60%,0<T≤5,0,0.05,,
YOUNGY ENERGY,Charge,60-70%,0<T≤5,0,0.05,,
YOUNGY ENERGY,Charge,70-80%,0<T≤5,0,0.05,,
YOUNGY ENERGY,Charge,80-90%,0<T≤5,0,0.05,,
YOUNGY ENERGY,Charge,90-95%,0<T≤5,0,0.05,,
YOUNGY ENERGY,Charge,95-100%,0<T≤5,0,0.05,,
YOUNGY ENERGY,Charge,0-10%,5<T≤10,5,0.1,,
YOUNGY ENERGY,Charge,10-20%,5<T≤10,5,0.1,,
YOUNGY ENERGY,Charge,20-30%,5<T≤10,5,0.1,,
YOUNGY ENERGY,Charge,30-40%,5<T≤10,5,0.1,,
YOUNGY ENERGY,Charge,40-50%,5<T≤10,5,0.1,,
YOUNGY ENERGY,Charge,50-60%,5<T≤10,5,0.1,,
YOUNGY ENERGY,Charge,60-70%,5<T≤10,5,0.1,,
YOUNGY ENERGY,Charge,70-80%,5<T≤10,5,0.1,,
YOUNGY ENERGY,Charge,80-90%,5<T≤10,5,0.1,,
YOUNGY ENERGY,Charge,90-95%,5<T≤10,5,0.1,,
YOUNGY ENERGY,Charge,95-100%,5<T≤10,5,0.1,,
YOUNGY ENERGY,Charge,0-10%,10<T≤15,10,0.2,,
YOUNGY ENERGY,Charge,10-20%,10<T≤15,10,0.2,,
YOUNGY ENERGY,Charge,20-30%,10<T≤15,10,0.2,,
YOUNGY ENERGY,Charge,30-40%,10<T≤15,10,0.2,,
YOUNGY ENERGY,Charge,40-50%,10<T≤15,10,0.2,,
YOUNGY ENERGY,Charge,50-60%,10<T≤15,10,0.2,,
YOUNGY ENERGY,Charge,60-70%,10<T≤15,10,0.2,,
YOUNGY ENERGY,Charge,70-80%,10<T≤15,10,0.2,,
YOUNGY ENERGY,Charge,80-90%,10<T≤15,10,0.2,,
YOUNGY ENERGY,Charge,90-95%,10<T≤15,10,0.2,,
YOUNGY ENERGY,Charge,95-100%,10<T≤15,10,0.2,,
YOUNGY ENERGY,Charge,0-10%,15<T≤20,15,0.3,,
YOUNGY ENERGY,Charge,10-20%,15<T≤20,15,0.3,,
YOUNGY ENERGY,Charge,20-30%,15<T≤20,15,0.3,,
YOUNGY ENERGY,Charge,30-40%,15<T≤20,15,0.3,,
YOUNGY ENERGY,Charge,40-50%,15<T≤20,15,0.3,,
YOUNGY ENERGY,Charge,50-60%,15<T≤20,15,0.3,,
YOUNGY ENERGY,Charge,60-70%,15<T≤20,15,0.3,,
YOUNGY ENERGY,Charge,70-80%,15<T≤20,15,0.3,,
YOUNGY ENERGY,Charge,80-90%,15<T≤20,15,0.3,,
YOUNGY ENERGY,Charge,90-95%,15<T≤20,15,0.3,,
YOUNGY ENERGY,Charge,95-100%,15<T≤20,15,0.3,,
YOUNGY ENERGY,Charge,0-10%,20<T≤25,20,0.5,,
YOUNGY ENERGY,Charge,10-20%,20<T≤25,20,0.5,,
YOUNGY ENERGY,Charge,20-30%,20<T≤25,20,0.5,,
YOUNGY ENERGY,Charge,30-40%,20<T≤25,20,0.5,,
YOUNGY ENERGY,Charge,40-50%,20<T≤25,20,0.5,,
YOUNGY ENERGY,Charge,50-60%,20<T≤25,20,0.5,,
YOUNGY ENERGY,Charge,60-70%,20<T≤25,20,0.5,,
YOUNGY ENERGY,Charge,70-80%,20<T≤25,20,0.5,,
YOUNGY ENERGY,Charge,80-90%,20<T≤25,20,0.5,,
YOUNGY ENERGY,Charge,90-95%,20<T≤25,20,0.5,,
YOUNGY ENERGY,Charge,95-100%,20<T≤25,20,0.5,,
YOUNGY ENERGY,Charge,0-10%,25<T≤30,25,0.5,,
YOUNGY ENERGY,Charge,10-20%,25<T≤30,25,0.5,,
YOUNGY ENERGY,Charge,20-30%,25<T≤30,25,0.5,,
YOUNGY ENERGY,Charge,30-40%,25<T≤30,25,0.5,,
YOUNGY ENERGY,Charge,40-50%,25<T≤30,25,0.5,,
YOUNGY ENERGY,Charge,50-60%,25<T≤30,25,0.5,,
YOUNGY ENERGY,Charge,60-70%,25<T≤30,25,0.5,,
YOUNGY ENERGY,Charge,70-80%,25<T≤30,25,0.5,,
YOUNGY ENERGY,Charge,80-90%,25<T≤30,25,0.5,,
YOUNGY ENERGY,Charge,90-95%,25<T≤30,25,0.5,,
YOUNGY ENERGY,Charge,95-100%,25<T≤30,25,0.5,,
YOUNGY ENERGY,Charge,0-10%,30<T≤35,30,0.5,,
YOUNGY ENERGY,Charge,10-20%,30<T≤35,30,0.5,,
YOUNGY ENERGY,Charge,20-30%,30<T≤35,30,0.5,,
YOUNGY ENERGY,Charge,30-40%,30<T≤35,30,0.5,,
YOUNGY ENERGY,Charge,40-50%,30<T≤35,30,0.5,,
YOUNGY ENERGY,Charge,50-60%,30<T≤35,30,0.5,,
YOUNGY ENERGY,Charge,60-70%,30<T≤35,30,0.5,,
YOUNGY ENERGY,Charge,70-80%,30<T≤35,30,0.5,,
YOUNGY ENERGY,Charge,80-90%,30<T≤35,30,0.5,,
YOUNGY ENERGY,Charge,90-95%,30<T≤35,30,0.5,,
YOUNGY ENERGY,Charge,95-100%,30<T≤35,30,0.5,,
YOUNGY ENERGY,Charge,0-10%,35<T≤40,35,0.5,,
YOUNGY ENERGY,Charge,10-20%,35<T≤40,35,0.5,,
YOUNGY ENERGY,Charge,20-30%,35<T≤40,35,0.5,,
YOUNGY ENERGY,Charge,30-40%,35<T≤40,35,0.5,,
YOUNGY ENERGY,Charge,40-50%,35<T≤40,35,0.5,,
YOUNGY ENERGY,Charge,50-60%,35<T≤40,35,0.5,,
YOUNGY ENERGY,Charge,60-70%,35<T≤40,35,0.5,,
YOUNGY ENERGY,Charge,70-80%,35<T≤40,35,0.5,,
YOUNGY ENERGY,Charge,80-90%,35<T≤40,35,0.5,,
YOUNGY ENERGY,Charge,90-95%,35<T≤40,35,0.5,,
YOUNGY ENERGY,Charge,95-100%,35<T≤40,35,0.5,,
YOUNGY ENERGY,Charge,0-10%,40<T≤45,40,0.5,,
YOUNGY ENERGY,Charge,10-20%,40<T≤45,40,0.5,,
YOUNGY ENERGY,Charge,20-30%,40<T≤45,40,0.5,,
YOUNGY ENERGY,Charge,30-40%,40<T≤45,40,0.5,,
YOUNGY ENERGY,Charge,40-50%,40<T≤45,40,0.5,,
YOUNGY ENERGY,Charge,50-60%,40<T≤45,40,0.5,,
YOUNGY ENERGY,Charge,60-70%,40<T≤45,40,0.5,,
YOUNGY ENERGY,Charge,70-80%,40<T≤45,40,0.5,,
YOUNGY ENERGY,Charge,80-90%,40<T≤45,40,0.5,,
YOUNGY ENERGY,Charge,90-95%,40<T≤45,40,0.5,,
YOUNGY ENERGY,Charge,95-100%,40<T≤45,40,0.5,,
YOUNGY ENERGY,Charge,0-10%,45<T≤50,45,0.5,,
YOUNGY ENERGY,Charge,10-20%,45<T≤50,45,0.5,,
YOUNGY ENERGY,Charge,20-30%,45<T≤50,45,0.5,,
YOUNGY ENERGY,Charge,30-40%,45<T≤50,45,0.5,,
YOUNGY ENERGY,Charge,40-50%,45<T≤50,45,0.5,,
YOUNGY ENERGY,Charge,50-60%,45<T≤50,45,0.5,,
YOUNGY ENERGY,Charge,60-70%,45<T≤50,45,0.5,,
YOUNGY ENERGY,Charge,70-80%,45<T≤50,45,0.5,,
YOUNGY ENERGY,Charge,80-90%,45<T≤50,45,0.5,,
YOUNGY ENERGY,Charge,90-95%,45<T≤50,45,0.5,,
YOUNGY ENERGY,Charge,95-100%,45<T≤50,45,0.5,,
YOUNGY ENERGY,Charge,0-10%,50<T≤55,50,0.25,,
YOUNGY ENERGY,Charge,10-20%,50<T≤55,50,0.25,,
YOUNGY ENERGY,Charge,20-30%,50<T≤55,50,0.25,,
YOUNGY ENERGY,Charge,30-40%,50<T≤55,50,0.25,,
YOUNGY ENERGY,Charge,40-50%,50<T≤55,50,0.25,,
YOUNGY ENERGY,Charge,50-60%,50<T≤55,50,0.25,,
YOUNGY ENERGY,Charge,60-70%,50<T≤55,50,0.25,,
YOUNGY ENERGY,Charge,70-80%,50<T≤55,50,0.25,,
YOUNGY ENERGY,Charge,80-90%,50<T≤55,50,0.25,,
YOUNGY ENERGY,Charge,90-95%,50<T≤55,50,0.25,,
YOUNGY ENERGY,Charge,95-100%,50<T≤55,50,0.25,,
YOUNGY ENERGY,Charge,0-10%,55<T≤60,55,0,,
YOUNGY ENERGY,Charge,10-20%,55<T≤60,55,0,,
YOUNGY ENERGY,Charge,20-30%,55<T≤60,55,0,,
YOUNGY ENERGY,Charge,30-40%,55<T≤60,55,0,,
YOUNGY ENERGY,Charge,40-50%,55<T≤60,55,0,,
YOUNGY ENERGY,Charge,50-60%,55<T≤60,55,0,,
YOUNGY ENERGY,Charge,60-70%,55<T≤60,55,0,,
YOUNGY ENERGY,Charge,70-80%,55<T≤60,55,0,,
YOUNGY ENERGY,Charge,80-90%,55<T≤60,55,0,,
YOUNGY ENERGY,Charge,90-95%,55<T≤60,55,0,,
YOUNGY ENERGY,Charge,95-100%,55<T≤60,55,0,,
YOUNGY ENERGY,Discharge,0-10%,-30≤T<-25,-30,0,,
YOUNGY ENERGY,Discharge,10-20%,-30≤T<-25,-30,0,,
YOUNGY ENERGY,Discharge,20-30%,-30≤T<-25,-30,0,,
YOUNGY ENERGY,Discharge,30-40%,-30≤T<-25,-30,0,,
YOUNGY ENERGY,Discharge,40-50%,-30≤T<-25,-30,0,,
YOUNGY ENERGY,Discharge,50-60%,-30≤T<-25,-30,0,,
YOUNGY ENERGY,Discharge,60-70%,-30≤T<-25,-30,0,,
YOUNGY ENERGY,Discharge,70-80%,-30≤T<-25,-30,0,,
YOUNGY ENERGY,Discharge,80-90%,-30≤T<-25,-30,0,,
YOUNGY ENERGY,Discharge,90-100%,-30≤T<-25,-30,0,,
YOUNGY ENERGY,Discharge,0-10%,-25≤T<-20,-25,0,,
YOUNGY ENERGY,Discharge,10-20%,-25≤T<-20,-25,0,,
YOUNGY ENERGY,Discharge,20-30%,-25≤T<-20,-25,0,,
YOUNGY ENERGY,Discharge,30-40%,-25≤T<-20,-25,0,,
YOUNGY ENERGY,Discharge,40-50%,-25≤T<-20,-25,0,,
YOUNGY ENERGY,Discharge,50-60%,-25≤T<-20,-25,0,,
YOUNGY ENERGY,Discharge,60-70%,-25≤T<-20,-25,0,,
YOUNGY ENERGY,Discharge,70-80%,-25≤T<-20,-25,0,,
YOUNGY ENERGY,Discharge,80-90%,-25≤T<-20,-25,0,,
YOUNGY ENERGY,Discharge,90-100%,-25≤T<-20,-25,0,,
YOUNGY ENERGY,Discharge,0-10%,-20≤T<-15,-20,0.2,,
YOUNGY ENERGY,Discharge,10-20%,-20≤T<-15,-20,0.2,,
YOUNGY ENERGY,Discharge,20-30%,-20≤T<-15,-20,0.2,,
YOUNGY ENERGY,Discharge,30-40%,-20≤T<-15,-20,0.2,,
YOUNGY ENERGY,Discharge,40-50%,-20≤T<-15,-20,0.2,,
YOUNGY ENERGY,Discharge,50-60%,-20≤T<-15,-20,0.2,,
YOUNGY ENERGY,Discharge,60-70%,-20≤T<-15,-20,0.2,,
YOUNGY ENERGY,Discharge,70-80%,-20≤T<-15,-20,0.2,,
YOUNGY ENERGY,Discharge,80-90%,-20≤T<-15,-20,0.2,,
YOUNGY ENERGY,Discharge,90-100%,-20≤T<-15,-20,0.2,,
YOUNGY ENERGY,Discharge,0-10%,-15≤T<-10,-15,0.2,,
YOUNGY ENERGY,Discharge,10-20%,-15≤T<-10,-15,0.2,,
YOUNGY ENERGY,Discharge,20-30%,-15≤T<-10,-15,0.2,,
YOUNGY ENERGY,Discharge,30-40%,-15≤T<-10,-15,0.2,,
YOUNGY ENERGY,Discharge,40-50%,-15≤T<-10,-15,0.2,,
YOUNGY ENERGY,Discharge,50-60%,-15≤T<-10,-15,0.2,,
YOUNGY ENERGY,Discharge,60-70%,-15≤T<-10,-15,0.2,,
YOUNGY ENERGY,Discharge,70-80%,-15≤T<-10,-15,0.2,,
YOUNGY ENERGY,Discharge,80-90%,-15≤T<-10,-15,0.2,,
YOUNGY ENERGY,Discharge,90-100%,-15≤T<-10,-15,0.2,,
YOUNGY ENERGY,Discharge,0-10%,-10≤T<-5,-10,0.2,,
YOUNGY ENERGY,Discharge,10-20%,-10≤T<-5,-10,0.2,,
YOUNGY ENERGY,Discharge,20-30%,-10≤T<-5,-10,0.2,,
YOUNGY ENERGY,Discharge,30-40%,-10≤T<-5,-10,0.2,,
YOUNGY ENERGY,Discharge,40-50%,-10≤T<-5,-10,0.2,,
YOUNGY ENERGY,Discharge,50-60%,-10≤T<-5,-10,0.2,,
YOUNGY ENERGY,Discharge,60-70%,-10≤T<-5,-10,0.2,,
YOUNGY ENERGY,Discharge,70-80%,-10≤T<-5,-10,0.2,,
YOUNGY ENERGY,Discharge,80-90%,-10≤T<-5,-10,0.2,,
YOUNGY ENERGY,Discharge,90-100%,-10≤T<-5,-10,0.2,,
YOUNGY ENERGY,Discharge,0-10%,-5≤T<0,-5,0.2,,
YOUNGY ENERGY,Discharge,10-20%,-5≤T<0,-5,0.2,,
YOUNGY ENERGY,Discharge,20-30%,-5≤T<0,-5,0.2,,
YOUNGY ENERGY,Discharge,30-40%,-5≤T<0,-5,0.2,,
YOUNGY ENERGY,Discharge,40-50%,-5≤T<0,-5,0.2,,
YOUNGY ENERGY,Discharge,50-60%,-5≤T<0,-5,0.2,,
YOUNGY ENERGY,Discharge,60-70%,-5≤T<0,-5,0.2,,
YOUNGY ENERGY,Discharge,70-80%,-5≤T<0,-5,0.2,,
YOUNGY ENERGY,Discharge,80-90%,-5≤T<0,-5,0.2,,
YOUNGY ENERGY,Discharge,90-100%,-5≤T<0,-5,0.2,,
YOUNGY ENERGY,Discharge,0-10%,0≤T<5,0,0.2,,
YOUNGY ENERGY,Discharge,10-20%,0≤T<5,0,0.2,,
YOUNGY ENERGY,Discharge,20-30%,0≤T<5,0,0.2,,
YOUNGY ENERGY,Discharge,30-40%,0≤T<5,0,0.2,,
YOUNGY ENERGY,Discharge,40-50%,0≤T<5,0,0.2,,
YOUNGY ENERGY,Discharge,50-60%,0≤T<5,0,0.2,,
YOUNGY ENERGY,Discharge,60-70%,0≤T<5,0,0.2,,
YOUNGY ENERGY,Discharge,70-80%,0≤T<5,0,0.2,,
YOUNGY ENERGY,Discharge,80-90%,0≤T<5,0,0.2,,
YOUNGY ENERGY,Discharge,90-100%,0≤T<5,0,0.2,,
YOUNGY ENERGY,Discharge,0-10%,5<T≤10,5,0.5,,
YOUNGY ENERGY,Discharge,10-20%,5<T≤10,5,0.5,,
YOUNGY ENERGY,Discharge,20-30%,5<T≤10,5,0.5,,
YOUNGY ENERGY,Discharge,30-40%,5<T≤10,5,0.5,,
YOUNGY ENERGY,Discharge,40-50%,5<T≤10,5,0.5,,
YOUNGY ENERGY,Discharge,50-60%,5<T≤10,5,0.5,,
YOUNGY ENERGY,Discharge,60-70%,5<T≤10,5,0.5,,
YOUNGY ENERGY,Discharge,70-80%,5<T≤10,5,0.5,,
YOUNGY ENERGY,Discharge,80-90%,5<T≤10,5,0.5,,
YOUNGY ENERGY,Discharge,90-100%,5<T≤10,5,0.5,,
YOUNGY ENERGY,Discharge,0-10%,10<T≤15,10,0.5,,
YOUNGY ENERGY,Discharge,10-20%,10<T≤15,10,0.5,,
YOUNGY ENERGY,Discharge,20-30%,10<T≤15,10,0.5,,
YOUNGY ENERGY,Discharge,30-40%,10<T≤15,10,0.5,,
YOUNGY ENERGY,Discharge,40-50%,10<T≤15,10,0.5,,
YOUNGY ENERGY,Discharge,50-60%,10<T≤15,10,0.5,,
YOUNGY ENERGY,Discharge,60-70%,10<T≤15,10,0.5,,
YOUNGY ENERGY,Discharge,70-80%,10<T≤15,10,0.5,,
YOUNGY ENERGY,Discharge,80-90%,10<T≤15,10,0.5,,
YOUNGY ENERGY,Discharge,90-100%,10<T≤15,10,0.5,,
YOUNGY ENERGY,Discharge,0-10%,15<T≤20,15,0.5,,
YOUNGY ENERGY,Discharge,10-20%,15<T≤20,15,0.5,,
YOUNGY ENERGY,Discharge,20-30%,15<T≤20,15,0.5,,
YOUNGY ENERGY,Discharge,30-40%,15<T≤20,15,0.5,,
YOUNGY ENERGY,Discharge,40-50%,15<T≤20,15,0.5,,
YOUNGY ENERGY,Discharge,50-60%,15<T≤20,15,0.5,,
YOUNGY ENERGY,Discharge,60-70%,15<T≤20,15,0.5,,
YOUNGY ENERGY,Discharge,70-80%,15<T≤20,15,0.5,,
YOUNGY ENERGY,Discharge,80-90%,15<T≤20,15,0.5,,
YOUNGY ENERGY,Discharge,90-100%,15<T≤20,15,0.5,,
YOUNGY ENERGY,Discharge,0-10%,20<T≤25,20,0.5,,
YOUNGY ENERGY,Discharge,10-20%,20<T≤25,20,0.5,,
YOUNGY ENERGY,Discharge,20-30%,20<T≤25,20,0.5,,
YOUNGY ENERGY,Discharge,30-40%,20<T≤25,20,0.5,,
YOUNGY ENERGY,Discharge,40-50%,20<T≤25,20,0.5,,
YOUNGY ENERGY,Discharge,50-60%,20<T≤25,20,0.5,,
YOUNGY ENERGY,Discharge,60-70%,20<T≤25,20,0.5,,
YOUNGY ENERGY,Discharge,70-80%,20<T≤25,20,0.5,,
YOUNGY ENERGY,Discharge,80-90%,20<T≤25,20,0.5,,
YOUNGY ENERGY,Discharge,90-100%,20<T≤25,20,0.5,,
YOUNGY ENERGY,Discharge,0-10%,25<T≤30,25,0.5,,
YOUNGY ENERGY,Discharge,10-20%,25<T≤30,25,0.5,,
YOUNGY ENERGY,Discharge,20-30%,25<T≤30,25,0.5,,
YOUNGY ENERGY,Discharge,30-40%,25<T≤30,25,0.5,,
YOUNGY ENERGY,Discharge,40-50%,25<T≤30,25,0.5,,
YOUNGY ENERGY,Discharge,50-60%,25<T≤30,25,0.5,,
YOUNGY ENERGY,Discharge,60-70%,25<T≤30,25,0.5,,
YOUNGY ENERGY,Discharge,70-80%,25<T≤30,25,0.5,,
YOUNGY ENERGY,Discharge,80-90%,25<T≤30,25,0.5,,
YOUNGY ENERGY,Discharge,90-100%,25<T≤30,25,0.5,,
YOUNGY ENERGY,Discharge,0-10%,30<T≤35,30,0.5,,
YOUNGY ENERGY,Discharge,10-20%,30<T≤35,30,0.5,,
YOUNGY ENERGY,Discharge,20-30%,30<T≤35,30,0.5,,
YOUNGY ENERGY,Discharge,30-40%,30<T≤35,30,0.5,,
YOUNGY ENERGY,Discharge,40-50%,30<T≤35,30,0.5,,
YOUNGY ENERGY,Discharge,50-60%,30<T≤35,30,0.5,,
YOUNGY ENERGY,Discharge,60-70%,30<T≤35,30,0.5,,
YOUNGY ENERGY,Discharge,70-80%,30<T≤35,30,0.5,,
YOUNGY ENERGY,Discharge,80-90%,30<T≤35,30,0.5,,
YOUNGY ENERGY,Discharge,90-100%,30<T≤35,30,0.5,,
YOUNGY ENERGY,Discharge,0-10%,35<T≤40,35,0.5,,
YOUNGY ENERGY,Discharge,10-20%,35<T≤40,35,0.5,,
YOUNGY ENERGY,Discharge,20-30%,35<T≤40,35,0.5,,
YOUNGY ENERGY,Discharge,30-40%,35<T≤40,35,0.5,,
YOUNGY ENERGY,Discharge,40-50%,35<T≤40,35,0.5,,
YOUNGY ENERGY,Discharge,50-60%,35<T≤40,35,0.5,,
YOUNGY ENERGY,Discharge,60-70%,35<T≤40,35,0.5,,
YOUNGY ENERGY,Discharge,70-80%,35<T≤40,35,0.5,,
YOUNGY ENERGY,Discharge,80-90%,35<T≤40,35,0.5,,
YOUNGY ENERGY,Discharge,90-100%,35<T≤40,35,0.5,,
YOUNGY ENERGY,Discharge,0-10%,40<T≤45,40,0.5,,
YOUNGY ENERGY,Discharge,10-20%,40<T≤45,40,0.5,,
YOUNGY ENERGY,Discharge,20-30%,40<T≤45,40,0.5,,
YOUNGY ENERGY,Discharge,30-40%,40<T≤45,40,0.5,,
YOUNGY ENERGY,Discharge,40-50%,40<T≤45,40,0.5,,
YOUNGY ENERGY,Discharge,50-60%,40<T≤45,40,0.5,,
YOUNGY ENERGY,Discharge,60-70%,40<T≤45,40,0.5,,
YOUNGY ENERGY,Discharge,70-80%,40<T≤45,40,0.5,,
YOUNGY ENERGY,Discharge,80-90%,40<T≤45,40,0.5,,
YOUNGY ENERGY,Discharge,90-100%,40<T≤45,40,0.5,,
YOUNGY ENERGY,Discharge,0-10%,45<T≤50,45,0.5,,
YOUNGY ENERGY,Discharge,10-20%,45<T≤50,45,0.5,,
YOUNGY ENERGY,Discharge,20-30%,45<T≤50,45,0.5,,
YOUNGY ENERGY,Discharge,30-40%,45<T≤50,45,0.5,,
YOUNGY ENERGY,Discharge,40-50%,45<T≤50,45,0.5,,
YOUNGY ENERGY,Discharge,50-60%,45<T≤50,45,0.5,,
YOUNGY ENERGY,Discharge,60-70%,45<T≤50,45,0.5,,
YOUNGY ENERGY,Discharge,70-80%,45<T≤50,45,0.5,,
YOUNGY ENERGY,Discharge,80-90%,45<T≤50,45,0.5,,
YOUNGY ENERGY,Discharge,90-100%,45<T≤50,45,0.5,,
YOUNGY ENERGY,Discharge,0-10%,50<T≤55,50,0.5,,
YOUNGY ENERGY,Discharge,10-20%,50<T≤55,50,0.5,,
YOUNGY ENERGY,Discharge,20-30%,50<T≤55,50,0.5,,
YOUNGY ENERGY,Discharge,30-40%,50<T≤55,50,0.5,,
YOUNGY ENERGY,Discharge,40-50%,50<T≤55,50,0.5,,
YOUNGY ENERGY,Discharge,50-60%,50<T≤55,50,0.5,,
YOUNGY ENERGY,Discharge,60-70%,50<T≤55,50,0.5,,
YOUNGY ENERGY,Discharge,70-80%,50<T≤55,50,0.5,,
YOUNGY ENERGY,Discharge,80-90%,50<T≤55,50,0.5,,
YOUNGY ENERGY,Discharge,90-100%,50<T≤55,50,0.5,,
YOUNGY ENERGY,Discharge,0-10%,55<T≤60,55,0,,
YOUNGY ENERGY,Discharge,10-20%,55<T≤60,55,0,,
YOUNGY ENERGY,Discharge,20-30%,55<T≤60,55,0,,
YOUNGY ENERGY,Discharge,30-40%,55<T≤60,55,0,,
YOUNGY ENERGY,Discharge,40-50%,55<T≤60,55,0,,
YOUNGY ENERGY,Discharge,50-60%,55<T≤60,55,0,,
YOUNGY ENERGY,Discharge,60-70%,55<T≤60,55,0,,
YOUNGY ENERGY,Discharge,70-80%,55<T≤60,55,0,,
YOUNGY ENERGY,Discharge,80-90%,55<T≤60,55,0,,
YOUNGY ENERGY,Discharge,90-100%,55<T≤60,55,0,,
GREAT POWER,Charge,0-10%,T≤0,0,0,,
GREAT POWER,Charge,10-20%,T≤0,0,0,,
GREAT POWER,Charge,20-30%,T≤0,0,0,,
GREAT POWER,Charge,30-40%,T≤0,0,0,,
GREAT POWER,Charge,40-50%,T≤0,0,0,,
GREAT POWER,Charge,50-60%,T≤0,0,0,,
GREAT POWER,Charge,60-70%,T≤0,0,0,,
GREAT POWER,Charge,70-80%,T≤0,0,0,,
GREAT POWER,Charge,80-90%,T≤0,0,0,,
GREAT POWER,Charge,90-95%,T≤0,0,0,,
GREAT POWER,Charge,95-100%,T≤0,0,0,,
GREAT POWER,Charge,0-10%,0<T≤5,0,0.1,,
GREAT POWER,Charge,10-20%,0<T≤5,0,0.1,,
GREAT POWER,Charge,20-30%,0<T≤5,0,0.1,,
GREAT POWER,Charge,30-40%,0<T≤5,0,0.1,,
GREAT POWER,Charge,40-50%,0<T≤5,0,0.1,,
GREAT POWER,Charge,50-60%,0<T≤5,0,0.1,,
GREAT POWER,Charge,60-70%,0<T≤5,0,0.1,,
GREAT POWER,Charge,70-80%,0<T≤5,0,0.1,,
GREAT POWER,Charge,80-90%,0<T≤5,0,0.1,,
GREAT POWER,Charge,90-95%,0<T≤5,0,0.1,,
GREAT POWER,Charge,95-100%,0<T≤5,0,0.1,,
GREAT POWER,Charge,0-10%,5<T≤10,5,0.25,,
GREAT POWER,Charge,10-20%,5<T≤10,5,0.25,,
GREAT POWER,Charge,20-30%,5<T≤10,5,0.25,,
GREAT POWER,Charge,30-40%,5<T≤10,5,0.25,,
GREAT POWER,Charge,40-50%,5<T≤10,5,0.25,,
GREAT POWER,Charge,50-60%,5<T≤10,5,0.25,,
GREAT POWER,Charge,60-70%,5<T≤10,5,0.25,,
GREAT POWER,Charge,70-80%,5<T≤10,5,0.25,,
GREAT POWER,Charge,80-90%,5<T≤10,5,0.25,,
GREAT POWER,Charge,90-95%,5<T≤10,5,0.25,,
GREAT POWER,Charge,95-100%,5<T≤10,5,0.25,,
GREAT POWER,Charge,0-10%,10<T≤15,10,0.33,,
GREAT POWER,Charge,10-20%,10<T≤15,10,0.33,,
GREAT POWER,Charge,20-30%,10<T≤15,10,0.33,,
GREAT POWER,Charge,30-40%,10<T≤15,10,0.33,,
GREAT POWER,Charge,40-50%,10<T≤15,10,0.33,,
GREAT POWER,Charge,50-60%,10<T≤15,10,0.33,,
GREAT POWER,Charge,60-70%,10<T≤15,10,0.33,,
GREAT POWER,Charge,70-80%,10<T≤15,10,0.33,,
GREAT POWER,Charge,80-90%,10<T≤15,10,0.33,,
GREAT POWER,Charge,90-95%,10<T≤15,10,0.33,,
GREAT POWER,Charge,95-100%,10<T≤15,10,0.33,,
GREAT POWER,Charge,0-10%,15<T≤20,15,0.5,,
GREAT POWER,Charge,10-20%,15<T≤20,15,0.5,,
GREAT POWER,Charge,20-30%,15<T≤20,15,0.5,,
GREAT POWER,Charge,30-40%,15<T≤20,15,0.5,,
GREAT POWER,Charge,40-50%,15<T≤20,15,0.5,,
GREAT POWER,Charge,50-60%,15<T≤20,15,0.5,,
GREAT POWER,Charge,60-70%,15<T≤20,15,0.5,,
GREAT POWER,Charge,70-80%,15<T≤20,15,0.5,,
GREAT POWER,Charge,80-90%,15<T≤20,15,0.5,,
GREAT POWER,Charge,90-95%,15<T≤20,15,0.5,,
GREAT POWER,Charge,95-100%,15<T≤20,15,0.5,,
GREAT POWER,Charge,0-10%,20<T≤25,20,0.5,,
GREAT POWER,Charge,10-20%,20<T≤25,20,0.5,,
GREAT POWER,Charge,20-30%,20<T≤25,20,0.5,,
GREAT POWER,Charge,30-40%,20<T≤25,20,0.5,,
GREAT POWER,Charge,40-50%,20<T≤25,20,0.5,,
GREAT POWER,Charge,50-60%,20<T≤25,20,0.5,,
GREAT POWER,Charge,60-70%,20<T≤25,20,0.5,,
GREAT POWER,Charge,70-80%,20<T≤25,20,0.5,,
GREAT POWER,Charge,80-90%,20<T≤25,20,0.5,,
GREAT POWER,Charge,90-95%,20<T≤25,20,0.5,,
GREAT POWER,Charge,95-100%,20<T≤25,20,0.5,,
GREAT POWER,Charge,0-10%,25<T≤30,25,0.5,,
GREAT POWER,Charge,10-20%,25<T≤30,25,0.5,,
GREAT POWER,Charge,20-30%,25<T≤30,25,0.5,,
GREAT POWER,Charge,30-40%,25<T≤30,25,0.5,,
GREAT POWER,Charge,40-50%,25<T≤30,25,0.5,,
GREAT POWER,Charge,50-60%,25<T≤30,25,0.5,,
GREAT POWER,Charge,60-70%,25<T≤30,25,0.5,,
GREAT POWER,Charge,70-80%,25<T≤30,25,0.5,,
GREAT POWER,Charge,80-90%,25<T≤30,25,0.5,,
GREAT POWER,Charge,90-95%,25<T≤30,25,0.5,,
GREAT POWER,Charge,95-100%,25<T≤30,25,0.5,,
GREAT POWER,Charge,0-10%,30<T≤35,30,0.5,,
GREAT POWER,Charge,10-20%,30<T≤35,30,0.5,,
GREAT POWER,Charge,20-30%,30<T≤35,30,0.5,,
GREAT POWER,Charge,30-40%,30<T≤35,30,0.5,,
GREAT POWER,Charge,40-50%,30<T≤35,30,0.5,,
GREAT POWER,Charge,50-60%,30<T≤35,30,0.5,,
GREAT POWER,Charge,60-70%,30<T≤35,30,0.5,,
GREAT POWER,Charge,70-80%,30<T≤35,30,0.5,,
GREAT POWER,Charge,80-90%,30<T≤35,30,0.5,,
GREAT POWER,Charge,90-95%,30<T≤35,30,0.5,,
GREAT POWER,Charge,95-100%,30<T≤35,30,0.5,,
GREAT POWER,Charge,0-10%,35<T≤40,35,0.5,,
GREAT POWER,Charge,10-20%,35<T≤40,35,0.5,,
GREAT POWER,Charge,20-30%,35<T≤40,35,0.5,,
GREAT POWER,Charge,30-40%,35<T≤40,35,0.5,,
GREAT POWER,Charge,40-50%,35<T≤40,35,0.5,,
GREAT POWER,Charge,50-60%,35<T≤40,35,0.5,,
GREAT POWER,Charge,60-70%,35<T≤40,35,0.5,,
GREAT POWER,Charge,70-80%,35<T≤40,35,0.5,,
GREAT POWER,Charge,80-90%,35<T≤40,35,0.5,,
GREAT POWER,Charge,90-95%,35<T≤40,35,0.5,,
GREAT POWER,Charge,95-100%,35<T≤40,35,0.5,,
GREAT POWER,Charge,0-10%,40<T≤45,40,0.5,,
GREAT POWER,Charge,10-20%,40<T≤45,40,0.5,,
GREAT POWER,Charge,20-30%,40<T≤45,40,0.5,,
GREAT POWER,Charge,30-40%,40<T≤45,40,0.5,,
GREAT POWER,Charge,40-50%,40<T≤45,40,0.5,,
GREAT POWER,Charge,50-60%,40<T≤45,40,0.5,,
GREAT POWER,Charge,60-70%,40<T≤45,40,0.5,,
GREAT POWER,Charge,70-80%,40<T≤45,40,0.5,,
GREAT POWER,Charge,80-90%,40<T≤45,40,0.5,,
GREAT POWER,Charge,90-95%,40<T≤45,40,0.5,,
GREAT POWER,Charge,95-100%,40<T≤45,40,0.5,,
GREAT POWER,Charge,0-10%,45<T≤50,45,0.5,,
GREAT POWER,Charge,10-20%,45<T≤50,45,0.5,,
GREAT POWER,Charge,20-30%,45<T≤50,45,0.5,,
GREAT POWER,Charge,30-40%,45<T≤50,45,0.5,,
GREAT POWER,Charge,40-50%,45<T≤50,45,0.5,,
GREAT POWER,Charge,50-60%,45<T≤50,45,0.5,,
GREAT POWER,Charge,60-70%,45<T≤50,45,0.5,,
GREAT POWER,Charge,70-80%,45<T≤50,45,0.5,,
GREAT POWER,Charge,80-90%,45<T≤50,45,0.5,,
GREAT POWER,Charge,90-95%,45<T≤50,45,0.5,,
GREAT POWER,Charge,95-100%,45<T≤50,45,0.5,,
GREAT POWER,Charge,0-10%,50<T≤55,50,0.5,,
GREAT POWER,Charge,10-20%,50<T≤55,50,0.5,,
GREAT POWER,Charge,20-30%,50<T≤55,50,0.5,,
GREAT POWER,Charge,30-40%,50<T≤55,50,0.5,,
GREAT POWER,Charge,40-50%,50<T≤55,50,0.5,,
GREAT POWER,Charge,50-60%,50<T≤55,50,0.5,,
GREAT POWER,Charge,60-70%,50<T≤55,50,0.5,,
GREAT POWER,Charge,70-80%,50<T≤55,50,0.5,,
GREAT POWER,Charge,80-90%,50<T≤55,50,0.5,,
GREAT POWER,Charge,90-95%,50<T≤55,50,0.5,,
GREAT POWER,Charge,95-100%,50<T≤55,50,0.5,,
GREAT POWER,Charge,0-10%,55<T≤60,55,0.25,,
GREAT POWER,Charge,10-20%,55<T≤60,55,0.25,,
GREAT POWER,Charge,20-30%,55<T≤60,55,0.25,,
GREAT POWER,Charge,30-40%,55<T≤60,55,0.25,,
GREAT POWER,Charge,40-50%,55<T≤60,55,0.25,,
GREAT POWER,Charge,50-60%,55<T≤60,55,0.25,,
GREAT POWER,Charge,60-70%,55<T≤60,55,0.25,,
GREAT POWER,Charge,70-80%,55<T≤60,55,0.25,,
GREAT POWER,Charge,80-90%,55<T≤60,55,0.25,,
GREAT POWER,Charge,90-95%,55<T≤60,55,0.25,,
GREAT POWER,Charge,95-100%,55<T≤60,55,0.25,,
GREAT POWER,Discharge,0-10%,-30≤T<-25,-30,0,,
GREAT POWER,Discharge,10-20%,-30≤T<-25,-30,0,,
GREAT POWER,Discharge,20-30%,-30≤T<-25,-30,0,,
GREAT POWER,Discharge,30-40%,-30≤T<-25,-30,0,,
GREAT POWER,Discharge,40-50%,-30≤T<-25,-30,0,,
GREAT POWER,Discharge,50-60%,-30≤T<-25,-30,0,,
GREAT POWER,Discharge,60-70%,-30≤T<-25,-30,0,,
GREAT POWER,Discharge,70-80%,-30≤T<-25,-30,0,,
GREAT POWER,Discharge,80-90%,-30≤T<-25,-30,0,,
GREAT POWER,Discharge,90-100%,-30≤T<-25,-30,0,,
GREAT POWER,Discharge,0-10%,-25≤T<-20,-25,0.5,,
GREAT POWER,Discharge,10-20%,-25≤T<-20,-25,0.5,,
GREAT POWER,Discharge,20-30%,-25≤T<-20,-25,0.5,,
GREAT POWER,Discharge,30-40%,-25≤T<-20,-25,0.5,,
GREAT POWER,Discharge,40-50%,-25≤T<-20,-25,0.5,,
GREAT POWER,Discharge,50-60%,-25≤T<-20,-25,0.5,,
GREAT POWER,Discharge,60-70%,-25≤T<-20,-25,0.5,,
GREAT POWER,Discharge,70-80%,-25≤T<-20,-25,0.5,,
GREAT POWER,Discharge,80-90%,-25≤T<-20,-25,0.5,,
GREAT POWER,Discharge,90-100%,-25≤T<-20,-25,0.5,,
GREAT POWER,Discharge,0-10%,-20≤T<-15,-20,0.5,,
GREAT POWER,Discharge,10-20%,-20≤T<-15,-20,0.5,,
GREAT POWER,Discharge,20-30%,-20≤T<-15,-20,0.5,,
GREAT POWER,Discharge,30-40%,-20≤T<-15,-20,0.5,,
GREAT POWER,Discharge,40-50%,-20≤T<-15,-20,0.5,,
GREAT POWER,Discharge,50-60%,-20≤T<-15,-20,0.5,,
GREAT POWER,Discharge,60-70%,-20≤T<-15,-20,0.5,,
GREAT POWER,Discharge,70-80%,-20≤T<-15,-20,0.5,,
GREAT POWER,Discharge,80-90%,-20≤T<-15,-20,0.5,,
GREAT POWER,Discharge,90-100%,-20≤T<-15,-20,0.5,,
GREAT POWER,Discharge,0-10%,-15≤T<-10,-15,0.5,,
GREAT POWER,Discharge,10-20%,-15≤T<-10,-15,0.5,,
GREAT POWER,Discharge,20-30%,-15≤T<-10,-15,0.5,,
GREAT POWER,Discharge,30-40%,-15≤T<-10,-15,0.5,,
GREAT POWER,Discharge,40-50%,-15≤T<-10,-15,0.5,,
GREAT POWER,Discharge,50-60%,-15≤T<-10,-15,0.5,,
GREAT POWER,Discharge,60-70%,-15≤T<-10,-15,0.5,,
GREAT POWER,Discharge,70-80%,-15≤T<-10,-15,0.5,,
GREAT POWER,Discharge,80-90%,-15≤T<-10,-15,0.5,,
GREAT POWER,Discharge,90-100%,-15≤T<-10,-15,0.5,,
GREAT POWER,Discharge,0-10%,-10≤T<-5,-10,0.5,,
GREAT POWER,Discharge,10-20%,-10≤T<-5,-10,0.5,,
GREAT POWER,Discharge,20-30%,-10≤T<-5,-10,0.5,,
GREAT POWER,Discharge,30-40%,-10≤T<-5,-10,0.5,,
GREAT POWER,Discharge,40-50%,-10≤T<-5,-10,0.5,,
GREAT POWER,Discharge,50-60%,-10≤T<-5,-10,0.5,,
GREAT POWER,Discharge,60-70%,-10≤T<-5,-10,0.5,,
GREAT POWER,Discharge,70-80%,-10≤T<-5,-10,0.5,,
GREAT POWER,Discharge,80-90%,-10≤T<-5,-10,0.5,,
GREAT POWER,Discharge,90-100%,-10≤T<-5,-10,0.5,,
GREAT POWER,Discharge,0-10%,-5≤T<0,-5,0.5,,
GREAT POWER,Discharge,10-20%,-5≤T<0,-5,0.5,,
GREAT POWER,Discharge,20-30%,-5≤T<0,-5,0.5,,
GREAT POWER,Discharge,30-40%,-5≤T<0,-5,0.5,,
GREAT POWER,Discharge,40-50%,-5≤T<0,-5,0.5,,
GREAT POWER,Discharge,50-60%,-5≤T<0,-5,0.5,,
GREAT POWER,Discharge,60-70%,-5≤T<0,-5,0.5,,
GREAT POWER,Discharge,70-80%,-5≤T<0,-5,0.5,,
GREAT POWER,Discharge,80-90%,-5≤T<0,-5,0.5,,
GREAT POWER,Discharge,90-100%,-5≤T<0,-5,0.5,,
GREAT POWER,Discharge,0-10%,0≤T<5,0,0.5,,
GREAT POWER,Discharge,10-20%,0≤T<5,0,0.5,,
GREAT POWER,Discharge,20-30%,0≤T<5,0,0.5,,
GREAT POWER,Discharge,30-40%,0≤T<5,0,0.5,,
GREAT POWER,Discharge,40-50%,0≤T<5,0,0.5,,
GREAT POWER,Discharge,50-60%,0≤T<5,0,0.5,,
GREAT POWER,Discharge,60-70%,0≤T<5,0,0.5,,
GREAT POWER,Discharge,70-80%,0≤T<5,0,0.5,,
GREAT POWER,Discharge,80-90%,0≤T<5,0,0.5,,
GREAT POWER,Discharge,90-100%,0≤T<5,0,0.5,,
GREAT POWER,Discharge,0-10%,5<T≤10,5,0.5,,
GREAT POWER,Discharge,10-20%,5<T≤10,5,0.5,,
GREAT POWER,Discharge,20-30%,5<T≤10,5,0.5,,
GREAT POWER,Discharge,30-40%,5<T≤10,5,0.5,,
GREAT POWER,Discharge,40-50%,5<T≤10,5,0.5,,
GREAT POWER,Discharge,50-60%,5<T≤10,5,0.5,,
GREAT POWER,Discharge,60-70%,5<T≤10,5,0.5,,
GREAT POWER,Discharge,70-80%,5<T≤10,5,0.5,,
GREAT POWER,Discharge,80-90%,5<T≤10,5,0.5,,
GREAT POWER,Discharge,90-100%,5<T≤10,5,0.5,,
GREAT POWER,Discharge,0-10%,10<T≤15,10,0.5,,
GREAT POWER,Discharge,10-20%,10<T≤15,10,0.5,,
GREAT POWER,Discharge,20-30%,10<T≤15,10,0.5,,
GREAT POWER,Discharge,30-40%,10<T≤15,10,0.5,,
GREAT POWER,Discharge,40-50%,10<T≤15,10,0.5,,
GREAT POWER,Discharge,50-60%,10<T≤15,10,0.5,,
GREAT POWER,Discharge,60-70%,10<T≤15,10,0.5,,
GREAT POWER,Discharge,70-80%,10<T≤15,10,0.5,,
GREAT POWER,Discharge,80-90%,10<T≤15,10,0.5,,
GREAT POWER,Discharge,90-100%,10<T≤15,10,0.5,,
GREAT POWER,Discharge,0-10%,15<T≤20,15,0.5,,
GREAT POWER,Discharge,10-20%,15<T≤20,15,0.5,,
GREAT POWER,Discharge,20-30%,15<T≤20,15,0.5,,
GREAT POWER,Discharge,30-40%,15<T≤20,15,0.5,,
GREAT POWER,Discharge,40-50%,15<T≤20,15,0.5,,
GREAT POWER,Discharge,50-60%,15<T≤20,15,0.5,,
GREAT POWER,Discharge,60-70%,15<T≤20,15,0.5,,
GREAT POWER,Discharge,70-80%,15<T≤20,15,0.5,,
GREAT POWER,Discharge,80-90%,15<T≤20,15,0.5,,
GREAT POWER,Discharge,90-100%,15<T≤20,15,0.5,,
GREAT POWER,Discharge,0-10%,20<T≤25,20,0.5,,
GREAT POWER,Discharge,10-20%,20<T≤25,20,0.5,,
GREAT POWER,Discharge,20-30%,20<T≤25,20,0.5,,
GREAT POWER,Discharge,30-40%,20<T≤25,20,0.5,,
GREAT POWER,Discharge,40-50%,20<T≤25,20,0.5,,
GREAT POWER,Discharge,50-60%,20<T≤25,20,0.5,,
GREAT POWER,Discharge,60-70%,20<T≤25,20,0.5,,
GREAT POWER,Discharge,70-80%,20<T≤25,20,0.5,,
GREAT POWER,Discharge,80-90%,20<T≤25,20,0.5,,
GREAT POWER,Discharge,90-100%,20<T≤25,20,0.5,,
GREAT POWER,Discharge,0-10%,25<T≤30,25,0.5,,
GREAT POWER,Discharge,10-20%,25<T≤30,25,0.5,,
GREAT POWER,Discharge,20-30%,25<T≤30,25,0.5,,
GREAT POWER,Discharge,30-40%,25<T≤30,25,0.5,,
GREAT POWER,Discharge,40-50%,25<T≤30,25,0.5,,
GREAT POWER,Discharge,50-60%,25<T≤30,25,0.5,,
GREAT POWER,Discharge,60-70%,25<T≤30,25,0.5,,
GREAT POWER,Discharge,70-80%,25<T≤30,25,0.5,,
GREAT POWER,Discharge,80-90%,25<T≤30,25,0.5,,
GREAT POWER,Discharge,90-100%,25<T≤30,25,0.5,,
GREAT POWER,Discharge,0-10%,30<T≤35,30,0.5,,
GREAT POWER,Discharge,10-20%,30<T≤35,30,0.5,,
GREAT POWER,Discharge,20-30%,30<T≤35,30,0.5,,
GREAT POWER,Discharge,30-40%,30<T≤35,30,0.5,,
GREAT POWER,Discharge,40-50%,30<T≤35,30,0.5,,
GREAT POWER,Discharge,50-60%,30<T≤35,30,0.5,,
GREAT POWER,Discharge,60-70%,30<T≤35,30,0.5,,
GREAT POWER,Discharge,70-80%,30<T≤35,30,0.5,,
GREAT POWER,Discharge,80-90%,30<T≤35,30,0.5,,
GREAT POWER,Discharge,90-100%,30<T≤35,30,0.5,,
GREAT POWER,Discharge,0-10%,35<T≤40,35,0.5,,
GREAT POWER,Discharge,10-20%,35<T≤40,35,0.5,,
GREAT POWER,Discharge,20-30%,35<T≤40,35,0.5,,
GREAT POWER,Discharge,30-40%,35<T≤40,35,0.5,,
GREAT POWER,Discharge,40-50%,35<T≤40,35,0.5,,
GREAT POWER,Discharge,50-60%,35<T≤40,35,0.5,,
GREAT POWER,Discharge,60-70%,35<T≤40,35,0.5,,
GREAT POWER,Discharge,70-80%,35<T≤40,35,0.5,,
GREAT POWER,Discharge,80-90%,35<T≤40,35,0.5,,
GREAT POWER,Discharge,90-100%,35<T≤40,35,0.5,,
GREAT POWER,Discharge,0-10%,40<T≤45,40,0.5,,
GREAT POWER,Discharge,10-20%,40<T≤45,40,0.5,,
GREAT POWER,Discharge,20-30%,40<T≤45,40,0.5,,
GREAT POWER,Discharge,30-40%,40<T≤45,40,0.5,,
GREAT POWER,Discharge,40-50%,40<T≤45,40,0.5,,
GREAT POWER,Discharge,50-60%,40<T≤45,40,0.5,,
GREAT POWER,Discharge,60-70%,40<T≤45,40,0.5,,
GREAT POWER,Discharge,70-80%,40<T≤45,40,0.5,,
GREAT POWER,Discharge,80-90%,40<T≤45,40,0.5,,
GREAT POWER,Discharge,90-100%,40<T≤45,40,0.5,,
GREAT POWER,Discharge,0-10%,45<T≤50,45,0.5,,
GREAT POWER,Discharge,10-20%,45<T≤50,45,0.5,,
GREAT POWER,Discharge,20-30%,45<T≤50,45,0.5,,
GREAT POWER,Discharge,30-40%,45<T≤50,45,0.5,,
GREAT POWER,Discharge,40-50%,45<T≤50,45,0.5,,
GREAT POWER,Discharge,50-60%,45<T≤50,45,0.5,,
GREAT POWER,Discharge,60-70%,45<T≤50,45,0.5,,
GREAT POWER,Discharge,70-80%,45<T≤50,45,0.5,,
GREAT POWER,Discharge,80-90%,45<T≤50,45,0.5,,
GREAT POWER,Discharge,90-100%,45<T≤50,45,0.5,,
GREAT POWER,Discharge,0-10%,50<T≤55,50,0.5,,
GREAT POWER,Discharge,10-20%,50<T≤55,50,0.5,,
GREAT POWER,Discharge,20-30%,50<T≤55,50,0.5,,
GREAT POWER,Discharge,30-40%,50<T≤55,50,0.5,,
GREAT POWER,Discharge,40-50%,50<T≤55,50,0.5,,
GREAT POWER,Discharge,50-60%,50<T≤55,50,0.5,,
GREAT POWER,Discharge,60-70%,50<T≤55,50,0.5,,
GREAT POWER,Discharge,70-80%,50<T≤55,50,0.5,,
GREAT POWER,Discharge,80-90%,50<T≤55,50,0.5,,
GREAT POWER,Discharge,90-100%,50<T≤55,50,0.5,,
GREAT POWER,Discharge,0-10%,55<T≤60,55,0.5,,
GREAT POWER,Discharge,10-20%,55<T≤60,55,0.5,,
GREAT POWER,Discharge,20-30%,55<T≤60,55,0.5,,
GREAT POWER,Discharge,30-40%,55<T≤60,55,0.5,,
GREAT POWER,Discharge,40-50%,55<T≤60,55,0.5,,
GREAT POWER,Discharge,50-60%,55<T≤60,55,0.5,,
GREAT POWER,Discharge,60-70%,55<T≤60,55,0.5,,
GREAT POWER,Discharge,70-80%,55<T≤60,55,0.5,,
GREAT POWER,Discharge,80-90%,55<T≤60,55,0.5,,
GREAT POWER,Discharge,90-100%,55<T≤60,55,0.5,,
CORNEX,Charge,0-10%,T≤0,0,0,,
CORNEX,Charge,10-20%,T≤0,0,0,,
CORNEX,Charge,20-30%,T≤0,0,0,,
CORNEX,Charge,30-40%,T≤0,0,0,,
CORNEX,Charge,40-50%,T≤0,0,0,,
CORNEX,Charge,50-60%,T≤0,0,0,,
CORNEX,Charge,60-70%,T≤0,0,0,,
CORNEX,Charge,70-80%,T≤0,0,0,,
CORNEX,Charge,80-90%,T≤0,0,0,,
CORNEX,Charge,90-95%,T≤0,0,0,,
CORNEX,Charge,95-100%,T≤0,0,0,,
CORNEX,Charge,0-10%,0<T≤5,0,0.25,,
CORNEX,Charge,10-20%,0<T≤5,0,0.25,,
CORNEX,Charge,20-30%,0<T≤5,0,0.25,,
CORNEX,Charge,30-40%,0<T≤5,0,0.25,,
CORNEX,Charge,40-50%,0<T≤5,0,0.25,,
CORNEX,Charge,50-60%,0<T≤5,0,0.25,,
CORNEX,Charge,60-70%,0<T≤5,0,0.25,,
CORNEX,Charge,70-80%,0<T≤5,0,0.25,,
CORNEX,Charge,80-90%,0<T≤5,0,0.25,,
CORNEX,Charge,90-95%,0<T≤5,0,0.25,,
CORNEX,Charge,95-100%,0<T≤5,0,0.25,,
CORNEX,Charge,0-10%,5<T≤10,5,0.4,,
CORNEX,Charge,10-20%,5<T≤10,5,0.4,,
CORNEX,Charge,20-30%,5<T≤10,5,0.4,,
CORNEX,Charge,30-40%,5<T≤10,5,0.4,,
CORNEX,Charge,40-50%,5<T≤10,5,0.4,,
CORNEX,Charge,50-60%,5<T≤10,5,0.4,,
CORNEX,Charge,60-70%,5<T≤10,5,0.4,,
CORNEX,Charge,70-80%,5<T≤10,5,0.4,,
CORNEX,Charge,80-90%,5<T≤10,5,0.4,,
CORNEX,Charge,90-95%,5<T≤10,5,0.4,,
CORNEX,Charge,95-100%,5<T≤10,5,0.25,,
CORNEX,Charge,0-10%,10<T≤15,10,0.5,,
CORNEX,Charge,10-20%,10<T≤15,10,0.5,,
CORNEX,Charge,20-30%,10<T≤15,10,0.5,,
CORNEX,Charge,30-40%,10<T≤15,10,0.5,,
CORNEX,Charge,40-50%,10<T≤15,10,0.5,,
CORNEX,Charge,50-60%,10<T≤15,10,0.5,,
CORNEX,Charge,60-70%,10<T≤15,10,0.5,,
CORNEX,Charge,70-80%,10<T≤15,10,0.5,,
CORNEX,Charge,80-90%,10<T≤15,10,0.4,,
CORNEX,Charge,90-95%,10<T≤15,10,0.25,,
CORNEX,Charge,95-100%,10<T≤15,10,0.25,,
CORNEX,Charge,0-10%,15<T≤20,15,0.5,,
CORNEX,Charge,10-20%,15<T≤20,15,0.5,,
CORNEX,Charge,20-30%,15<T≤20,15,0.5,,
CORNEX,Charge,30-40%,15<T≤20,15,0.5,,
CORNEX,Charge,40-50%,15<T≤20,15,0.5,,
CORNEX,Charge,50-60%,15<T≤20,15,0.5,,
CORNEX,Charge,60-70%,15<T≤20,15,0.5,,
CORNEX,Charge,70-80%,15<T≤20,15,0.5,,
CORNEX,Charge,80-90%,15<T≤20,15,0.5,,
CORNEX,Charge,90-95%,15<T≤20,15,0.5,,
CORNEX,Charge,95-100%,15<T≤20,15,0.5,,
CORNEX,Charge,0-10%,20<T≤25,20,0.5,,
CORNEX,Charge,10-20%,20<T≤25,20,0.5,,
CORNEX,Charge,20-30%,20<T≤25,20,0.5,,
CORNEX,Charge,30-40%,20<T≤25,20,0.5,,
CORNEX,Charge,40-50%,20<T≤25,20,0.5,,
CORNEX,Charge,50-60%,20<T≤25,20,0.5,,
CORNEX,Charge,60-70%,20<T≤25,20,0.5,,
CORNEX,Charge,70-80%,20<T≤25,20,0.5,,
CORNEX,Charge,80-90%,20<T≤25,20,0.5,,
CORNEX,Charge,90-95%,20<T≤25,20,0.5,,
CORNEX,Charge,95-100%,20<T≤25,20,0.5,,
CORNEX,Charge,0-10%,25<T≤30,25,0.5,,
CORNEX,Charge,10-20%,25<T≤30,25,0.5,,
CORNEX,Charge,20-30%,25<T≤30,25,0.5,,
CORNEX,Charge,30-40%,25<T≤30,25,0.5,,
CORNEX,Charge,40-50%,25<T≤30,25,0.5,,
CORNEX,Charge,50-60%,25<T≤30,25,0.5,,
CORNEX,Charge,60-70%,25<T≤30,25,0.5,,
CORNEX,Charge,70-80%,25<T≤30,25,0.5,,
CORNEX,Charge,80-90%,25<T≤30,25,0.5,,
CORNEX,Charge,90-95%,25<T≤30,25,0.5,,
CORNEX,Charge,95-100%,25<T≤30,25,0.5,,
CORNEX,Charge,0-10%,30<T≤35,30,0.5,,
CORNEX,Charge,10-20%,30<T≤35,30,0.5,,
CORNEX,Charge,20-30%,30<T≤35,30,0.5,,
CORNEX,Charge,30-40%,30<T≤35,30,0.5,,
CORNEX,Charge,40-50%,30<T≤35,30,0.5,,
CORNEX,Charge,50-60%,30<T≤35,30,0.5,,
CORNEX,Charge,60-70%,30<T≤35,30,0.5,,
CORNEX,Charge,70-80%,30<T≤35,30,0.5,,
CORNEX,Charge,80-90%,30<T≤35,30,0.5,,
CORNEX,Charge,90-95%,30<T≤35,30,0.5,,
CORNEX,Charge,95-100%,30<T≤35,30,0.5,,
CORNEX,Charge,0-10%,35<T≤40,35,0.5,,
CORNEX,Charge,10-20%,35<T≤40,35,0.5,,
CORNEX,Charge,20-30%,35<T≤40,35,0.5,,
CORNEX,Charge,30-40%,35<T≤40,35,0.5,,
CORNEX,Charge,40-50%,35<T≤40,35,0.5,,
CORNEX,Charge,50-60%,35<T≤40,35,0.5,,
CORNEX,Charge,60-70%,35<T≤40,35,0.5,,
CORNEX,Charge,70-80%,35<T≤40,35,0.5,,
CORNEX,Charge,80-90%,35<T≤40,35,0.5,,
CORNEX,Charge,90-95%,35<T≤40,35,0.5,,
CORNEX,Charge,95-100%,35<T≤40,35,0.5,,
CORNEX,Charge,0-10%,40<T≤45,40,0.5,,
CORNEX,Charge,10-20%,40<T≤45,40,0.5,,
CORNEX,Charge,20-30%,40<T≤45,40,0.5,,
CORNEX,Charge,30-40%,40<T≤45,40,0.5,,
CORNEX,Charge,40-50%,40<T≤45,40,0.5,,
CORNEX,Charge,50-60%,40<T≤45,40,0.5,,
CORNEX,Charge,60-70%,40<T≤45,40,0.5,,
CORNEX,Charge,70-80%,40<T≤45,40,0.5,,
CORNEX,Charge,80-90%,40<T≤45,40,0.5,,
CORNEX,Charge,90-95%,40<T≤45,40,0.5,,
CORNEX,Charge,95-100%,40<T≤45,40,0.5,,
CORNEX,Charge,0-10%,45<T≤50,45,0.4,,
CORNEX,Charge,10-20%,45<T≤50,45,0.4,,
CORNEX,Charge,20-30%,45<T≤50,45,0.4,,
CORNEX,Charge,30-40%,45<T≤50,45,0.4,,
CORNEX,Charge,40-50%,45<T≤50,45,0.4,,
CORNEX,Charge,50-60%,45<T≤50,45,0.4,,
CORNEX,Charge,60-70%,45<T≤50,45,0.4,,
CORNEX,Charge,70-80%,45<T≤50,45,0.4,,
CORNEX,Charge,80-90%,45<T≤50,45,0.3,,
CORNEX,Charge,90-95%,45<T≤50,45,0.25,,
CORNEX,Charge,95-100%,45<T≤50,45,0.1,,
CORNEX,Charge,0-10%,50<T≤55,50,0.3,,
CORNEX,Charge,10-20%,50<T≤55,50,0.3,,
CORNEX,Charge,20-30%,50<T≤55,50,0.3,,
CORNEX,Charge,30-40%,50<T≤55,50,0.3,,
CORNEX,Charge,40-50%,50<T≤55,50,0.3,,
CORNEX,Charge,50-60%,50<T≤55,50,0.3,,
CORNEX,Charge,60-70%,50<T≤55,50,0.3,,
CORNEX,Charge,70-80%,50<T≤55,50,0.3,,
CORNEX,Charge,80-90%,50<T≤55,50,0.3,,
CORNEX,Charge,90-95%,50<T≤55,50,0.25,,
CORNEX,Charge,95-100%,50<T≤55,50,0.1,,
CORNEX,Charge,0-10%,55<T≤60,55,0.3,,
CORNEX,Charge,10-20%,55<T≤60,55,0.3,,
CORNEX,Charge,20-30%,55<T≤60,55,0.3,,
CORNEX,Charge,30-40%,55<T≤60,55,0.3,,
CORNEX,Charge,40-50%,55<T≤60,55,0.3,,
CORNEX,Charge,50-60%,55<T≤60,55,0.3,,
CORNEX,Charge,60-70%,55<T≤60,55,0.3,,
CORNEX,Charge,70-80%,55<T≤60,55,0.3,,
CORNEX,Charge,80-90%,55<T≤60,55,0.3,,
CORNEX,Charge,90-95%,55<T≤60,55,0.25,,
CORNEX,Charge,95-100%,55<T≤60,55,0.1,,
CORNEX,Discharge,0-10%,-30≤T<-25,-30,0.1,,
CORNEX,Discharge,10-20%,-30≤T<-25,-30,0.1,,
CORNEX,Discharge,20-30%,-30≤T<-25,-30,0.1,,
CORNEX,Discharge,30-40%,-30≤T<-25,-30,0.2,,
CORNEX,Discharge,40-50%,-30≤T<-25,-30,0.3,,
CORNEX,Discharge,50-60%,-30≤T<-25,-30,0.3,,
CORNEX,Discharge,60-70%,-30≤T<-25,-30,0.4,,
CORNEX,Discharge,70-80%,-30≤T<-25,-30,0.4,,
CORNEX,Discharge,80-90%,-30≤T<-25,-30,0.5,,
CORNEX,Discharge,90-100%,-30≤T<-25,-30,0.5,,
CORNEX,Discharge,0-10%,-25≤T<-20,-25,0.1,,
CORNEX,Discharge,10-20%,-25≤T<-20,-25,0.1,,
CORNEX,Discharge,20-30%,-25≤T<-20,-25,0.3,,
CORNEX,Discharge,30-40%,-25≤T<-20,-25,0.4,,
CORNEX,Discharge,40-50%,-25≤T<-20,-25,0.5,,
CORNEX,Discharge,50-60%,-25≤T<-20,-25,0.5,,
CORNEX,Discharge,60-70%,-25≤T<-20,-25,0.5,,
CORNEX,Discharge,70-80%,-25≤T<-20,-25,0.5,,
CORNEX,Discharge,80-90%,-25≤T<-20,-25,0.5,,
CORNEX,Discharge,90-100%,-25≤T<-20,-25,0.5,,
CORNEX,Discharge,0-10%,-20≤T<-15,-20,0.1,,
CORNEX,Discharge,10-20%,-20≤T<-15,-20,0.3,,
CORNEX,Discharge,20-30%,-20≤T<-15,-20,0.4,,
CORNEX,Discharge,30-40%,-20≤T<-15,-20,0.4,,
CORNEX,Discharge,40-50%,-20≤T<-15,-20,0.5,,
CORNEX,Discharge,50-60%,-20≤T<-15,-20,0.5,,
CORNEX,Discharge,60-70%,-20≤T<-15,-20,0.5,,
CORNEX,Discharge,70-80%,-20≤T<-15,-20,0.5,,
CORNEX,Discharge,80-90%,-20≤T<-15,-20,0.5,,
CORNEX,Discharge,90-100%,-20≤T<-15,-20,0.5,,
CORNEX,Discharge,0-10%,-15≤T<-10,-15,0.2,,
CORNEX,Discharge,10-20%,-15≤T<-10,-15,0.3,,
CORNEX,Discharge,20-30%,-15≤T<-10,-15,0.4,,
CORNEX,Discharge,30-40%,-15≤T<-10,-15,0.4,,
CORNEX,Discharge,40-50%,-15≤T<-10,-15,0.5,,
CORNEX,Discharge,50-60%,-15≤T<-10,-15,0.5,,
CORNEX,Discharge,60-70%,-15≤T<-10,-15,0.5,,
CORNEX,Discharge,70-80%,-15≤T<-10,-15,0.5,,
CORNEX,Discharge,80-90%,-15≤T<-10,-15,0.5,,
CORNEX,Discharge,90-100%,-15≤T<-10,-15,0.5,,
CORNEX,Discharge,0-10%,-10≤T<-5,-10,0.2,,
CORNEX,Discharge,10-20%,-10≤T<-5,-10,0.3,,
CORNEX,Discharge,20-30%,-10≤T<-5,-10,0.4,,
CORNEX,Discharge,30-40%,-10≤T<-5,-10,0.4,,
CORNEX,Discharge,40-50%,-10≤T<-5,-10,0.5,,
CORNEX,Discharge,50-60%,-10≤T<-5,-10,0.5,,
CORNEX,Discharge,60-70%,-10≤T<-5,-10,0.5,,
CORNEX,Discharge,70-80%,-10≤T<-5,-10,0.5,,
CORNEX,Discharge,80-90%,-10≤T<-5,-10,0.5,,
CORNEX,Discharge,90-100%,-10≤T<-5,-10,0.5,,
CORNEX,Discharge,0-10%,-5≤T<0,-5,0.2,,
CORNEX,Discharge,10-20%,-5≤T<0,-5,0.5,,
CORNEX,Discharge,20-30%,-5≤T<0,-5,0.5,,
CORNEX,Discharge,30-40%,-5≤T<0,-5,0.5,,
CORNEX,Discharge,40-50%,-5≤T<0,-5,0.5,,
CORNEX,Discharge,50-60%,-5≤T<0,-5,0.5,,
CORNEX,Discharge,60-70%,-5≤T<0,-5,0.5,,
CORNEX,Discharge,70-80%,-5≤T<0,-5,0.5,,
CORNEX,Discharge,80-90%,-5≤T<0,-5,0.5,,
CORNEX,Discharge,90-100%,-5≤T<0,-5,0.5,,
CORNEX,Discharge,0-10%,0≤T<5,0,0.3,,
CORNEX,Discharge,10-20%,0≤T<5,0,0.5,,
CORNEX,Discharge,20-30%,0≤T<5,0,0.5,,
CORNEX,Discharge,30-40%,0≤T<5,0,0.5,,
CORNEX,Discharge,40-50%,0≤T<5,0,0.5,,
CORNEX,Discharge,50-60%,0≤T<5,0,0.5,,
CORNEX,Discharge,60-70%,0≤T<5,0,0.5,,
CORNEX,Discharge,70-80%,0≤T<5,0,0.5,,
CORNEX,Discharge,80-90%,0≤T<5,0,0.5,,
CORNEX,Discharge,90-100%,0≤T<5,0,0.5,,
CORNEX,Discharge,0-10%,5<T≤10,5,0.3,,
CORNEX,Discharge,10-20%,5<T≤10,5,0.5,,
CORNEX,Discharge,20-30%,5<T≤10,5,0.5,,
CORNEX,Discharge,30-40%,5<T≤10,5,0.5,,
CORNEX,Discharge,40-50%,5<T≤10,5,0.5,,
CORNEX,Discharge,50-60%,5<T≤10,5,0.5,,
CORNEX,Discharge,60-70%,5<T≤10,5,0.5,,
CORNEX,Discharge,70-80%,5<T≤10,5,0.5,,
CORNEX,Discharge,80-90%,5<T≤10,5,0.5,,
CORNEX,Discharge,90-100%,5<T≤10,5,0.5,,
CORNEX,Discharge,0-10%,10<T≤15,10,0.4,,
CORNEX,Discharge,10-20%,10<T≤15,10,0.5,,
CORNEX,Discharge,20-30%,10<T≤15,10,0.5,,
CORNEX,Discharge,30-40%,10<T≤15,10,0.5,,
CORNEX,Discharge,40-50%,10<T≤15,10,0.5,,
CORNEX,Discharge,50-60%,10<T≤15,10,0.5,,
CORNEX,Discharge,60-70%,10<T≤15,10,0.5,,
CORNEX,Discharge,70-80%,10<T≤15,10,0.5,,
CORNEX,Discharge,80-90%,10<T≤15,10,0.5,,
CORNEX,Discharge,90-100%,10<T≤15,10,0.5,,
CORNEX,Discharge,0-10%,15<T≤20,15,0.5,,
CORNEX,Discharge,10-20%,15<T≤20,15,0.5,,
CORNEX,Discharge,20-30%,15<T≤20,15,0.5,,
CORNEX,Discharge,30-40%,15<T≤20,15,0.5,,
CORNEX,Discharge,40-50%,15<T≤20,15,0.5,,
CORNEX,Discharge,50-60%,15<T≤20,15,0.5,,
CORNEX,Discharge,60-70%,15<T≤20,15,0.5,,
CORNEX,Discharge,70-80%,15<T≤20,15,0.5,,
CORNEX,Discharge,80-90%,15<T≤20,15,0.5,,
CORNEX,Discharge,90-100%,15<T≤20,15,0.5,,
CORNEX,Discharge,0-10%,20<T≤25,20,0.5,,
CORNEX,Discharge,10-20%,20<T≤25,20,0.5,,
CORNEX,Discharge,20-30%,20<T≤25,20,0.5,,
CORNEX,Discharge,30-40%,20<T≤25,20,0.5,,
CORNEX,Discharge,40-50%,20<T≤25,20,0.5,,
CORNEX,Discharge,50-60%,20<T≤25,20,0.5,,
CORNEX,Discharge,60-70%,20<T≤25,20,0.5,,
CORNEX,Discharge,70-80%,20<T≤25,20,0.5,,
CORNEX,Discharge,80-90%,20<T≤25,20,0.5,,
CORNEX,Discharge,90-100%,20<T≤25,20,0.5,,
CORNEX,Discharge,0-10%,25<T≤30,25,0.5,,
CORNEX,Discharge,10-20%,25<T≤30,25,0.5,,
CORNEX,Discharge,20-30%,25<T≤30,25,0.5,,
CORNEX,Discharge,30-40%,25<T≤30,25,0.5,,
CORNEX,Discharge,40-50%,25<T≤30,25,0.5,,
CORNEX,Discharge,50-60%,25<T≤30,25,0.5,,
CORNEX,Discharge,60-70%,25<T≤30,25,0.5,,
CORNEX,Discharge,70-80%,25<T≤30,25,0.5,,
CORNEX,Discharge,80-90%,25<T≤30,25,0.5,,
CORNEX,Discharge,90-100%,25<T≤30,25,0.5,,
CORNEX,Discharge,0-10%,30<T≤35,30,0.5,,
CORNEX,Discharge,10-20%,30<T≤35,30,0.5,,
CORNEX,Discharge,20-30%,30<T≤35,30,0.5,,
CORNEX,Discharge,30-40%,30<T≤35,30,0.5,,
CORNEX,Discharge,40-50%,30<T≤35,30,0.5,,
CORNEX,Discharge,50-60%,30<T≤35,30,0.5,,
CORNEX,Discharge,60-70%,30<T≤35,30,0.5,,
CORNEX,Discharge,70-80%,30<T≤35,30,0.5,,
CORNEX,Discharge,80-90%,30<T≤35,30,0.5,,
CORNEX,Discharge,90-100%,30<T≤35,30,0.5,,
CORNEX,Discharge,0-10%,35<T≤40,35,0.5,,
CORNEX,Discharge,10-20%,35<T≤40,35,0.5,,
CORNEX,Discharge,20-30%,35<T≤40,35,0.5,,
CORNEX,Discharge,30-40%,35<T≤40,35,0.5,,
CORNEX,Discharge,40-50%,35<T≤40,35,0.5,,
CORNEX,Discharge,50-60%,35<T≤40,35,0.5,,
CORNEX,Discharge,60-70%,35<T≤40,35,0.5,,
CORNEX,Discharge,70-80%,35<T≤40,35,0.5,,
CORNEX,Discharge,80-90%,35<T≤40,35,0.5,,
CORNEX,Discharge,90-100%,35<T≤40,35,0.5,,
CORNEX,Discharge,0-10%,40<T≤45,40,0.5,,
CORNEX,Discharge,10-20%,40<T≤45,40,0.5,,
CORNEX,Discharge,20-30%,40<T≤45,40,0.5,,
CORNEX,Discharge,30-40%,40<T≤45,40,0.5,,
CORNEX,Discharge,40-50%,40<T≤45,40,0.5,,
CORNEX,Discharge,50-60%,40<T≤45,40,0.5,,
CORNEX,Discharge,60-70%,40<T≤45,40,0.5,,
CORNEX,Discharge,70-80%,40<T≤45,40,0.5,,
CORNEX,Discharge,80-90%,40<T≤45,40,0.5,,
CORNEX,Discharge,90-100%,40<T≤45,40,0.5,,
CORNEX,Discharge,0-10%,45<T≤50,45,0.5,,
CORNEX,Discharge,10-20%,45<T≤50,45,0.5,,
CORNEX,Discharge,20-30%,45<T≤50,45,0.5,,
CORNEX,Discharge,30-40%,45<T≤50,45,0.5,,
CORNEX,Discharge,40-50%,45<T≤50,45,0.5,,
CORNEX,Discharge,50-60%,45<T≤50,45,0.5,,
CORNEX,Discharge,60-70%,45<T≤50,45,0.5,,
CORNEX,Discharge,70-80%,45<T≤50,45,0.5,,
CORNEX,Discharge,80-90%,45<T≤50,45,0.5,,
CORNEX,Discharge,90-100%,45<T≤50,45,0.5,,
CORNEX,Discharge,0-10%,50<T≤55,50,0.2,,
CORNEX,Discharge,10-20%,50<T≤55,50,0.3,,
CORNEX,Discharge,20-30%,50<T≤55,50,0.4,,
CORNEX,Discharge,30-40%,50<T≤55,50,0.4,,
CORNEX,Discharge,40-50%,50<T≤55,50,0.4,,
CORNEX,Discharge,50-60%,50<T≤55,50,0.4,,
CORNEX,Discharge,60-70%,50<T≤55,50,0.4,,
CORNEX,Discharge,70-80%,50<T≤55,50,0.4,,
CORNEX,Discharge,80-90%,50<T≤55,50,0.4,,
CORNEX,Discharge,90-100%,50<T≤55,50,0.4,,
CORNEX,Discharge,0-10%,55<T≤60,55,0.2,,
CORNEX,Discharge,10-20%,55<T≤60,55,0.3,,
CORNEX,Discharge,20-30%,55<T≤60,55,0.3,,
CORNEX,Discharge,30-40%,55<T≤60,55,0.3,,
CORNEX,Discharge,40-50%,55<T≤60,55,0.3,,
CORNEX,Discharge,50-60%,55<T≤60,55,0.3,,
CORNEX,Discharge,60-70%,55<T≤60,55,0.3,,
CORNEX,Discharge,70-80%,55<T≤60,55,0.3,,
CORNEX,Discharge,80-90%,55<T≤60,55,0.3,,
CORNEX,Discharge,90-100%,55<T≤60,55,0.3,,
Tianneng Energy,Charge,0-10%,T≤0,0,0,,
Tianneng Energy,Charge,10-20%,T≤0,0,0,,
Tianneng Energy,Charge,20-30%,T≤0,0,0,,
Tianneng Energy,Charge,30-40%,T≤0,0,0,,
Tianneng Energy,Charge,40-50%,T≤0,0,0,,
Tianneng Energy,Charge,50-60%,T≤0,0,0,,
Tianneng Energy,Charge,60-70%,T≤0,0,0,,
Tianneng Energy,Charge,70-80%,T≤0,0,0,,
Tianneng Energy,Charge,80-90%,T≤0,0,0,,
Tianneng Energy,Charge,90-95%,T≤0,0,0,,
Tianneng Energy,Charge,95-100%,T≤0,0,0,,
Tianneng Energy,Charge,0-10%,0<T≤5,0,0.5,,
Tianneng Energy,Charge,10-20%,0<T≤5,0,0.5,,
Tianneng Energy,Charge,20-30%,0<T≤5,0,0.5,,
Tianneng Energy,Charge,30-40%,0<T≤5,0,0.5,,
Tianneng Energy,Charge,40-50%,0<T≤5,0,0.5,,
Tianneng Energy,Charge,50-60%,0<T≤5,0,0.5,,
Tianneng Energy,Charge,60-70%,0<T≤5,0,0.5,,
Tianneng Energy,Charge,70-80%,0<T≤5,0,0.5,,
Tianneng Energy,Charge,80-90%,0<T≤5,0,0.5,,
Tianneng Energy,Charge,90-95%,0<T≤5,0,0.5,,
Tianneng Energy,Charge,95-100%,0<T≤5,0,0.5,,
Tianneng Energy,Charge,0-10%,5<T≤10,5,0.5,,
Tianneng Energy,Charge,10-20%,5<T≤10,5,0.5,,
Tianneng Energy,Charge,20-30%,5<T≤10,5,0.5,,
Tianneng Energy,Charge,30-40%,5<T≤10,5,0.5,,
Tianneng Energy,Charge,40-50%,5<T≤10,5,0.5,,
Tianneng Energy,Charge,50-60%,5<T≤10,5,0.5,,
Tianneng Energy,Charge,60-70%,5<T≤10,5,0.5,,
Tianneng Energy,Charge,70-80%,5<T≤10,5,0.5,,
Tianneng Energy,Charge,80-90%,5<T≤10,5,0.5,,
Tianneng Energy,Charge,90-95%,5<T≤10,5,0.5,,
Tianneng Energy,Charge,95-100%,5<T≤10,5,0.5,,
Tianneng Energy,Charge,0-10%,10<T≤15,10,0.5,,
Tianneng Energy,Charge,10-20%,10<T≤15,10,0.5,,
Tianneng Energy,Charge,20-30%,10<T≤15,10,0.5,,
Tianneng Energy,Charge,30-40%,10<T≤15,10,0.5,,
Tianneng Energy,Charge,40-50%,10<T≤15,10,0.5,,
Tianneng Energy,Charge,50-60%,10<T≤15,10,0.5,,
Tianneng Energy,Charge,60-70%,10<T≤15,10,0.5,,
Tianneng Energy,Charge,70-80%,10<T≤15,10,0.5,,
Tianneng Energy,Charge,80-90%,10<T≤15,10,0.5,,
Tianneng Energy,Charge,90-95%,10<T≤15,10,0.5,,
Tianneng Energy,Charge,95-100%,10<T≤15,10,0.5,,
Tianneng Energy,Charge,0-10%,15<T≤20,15,0.5,,
Tianneng Energy,Charge,10-20%,15<T≤20,15,0.5,,
Tianneng Energy,Charge,20-30%,15<T≤20,15,0.5,,
Tianneng Energy,Charge,30-40%,15<T≤20,15,0.5,,
Tianneng Energy,Charge,40-50%,15<T≤20,15,0.5,,
Tianneng Energy,Charge,50-60%,15<T≤20,15,0.5,,
Tianneng Energy,Charge,60-70%,15<T≤20,15,0.5,,
Tianneng Energy,Charge,70-80%,15<T≤20,15,0.5,,
Tianneng Energy,Charge,80-90%,15<T≤20,15,0.5,,
Tianneng Energy,Charge,90-95%,15<T≤20,15,0.5,,
Tianneng Energy,Charge,95-100%,15<T≤20,15,0.5,,
Tianneng Energy,Charge,0-10%,20<T≤25,20,0.5,,
Tianneng Energy,Charge,10-20%,20<T≤25,20,0.5,,
Tianneng Energy,Charge,20-30%,20<T≤25,20,0.5,,
Tianneng Energy,Charge,30-40%,20<T≤25,20,0.5,,
Tianneng Energy,Charge,40-50%,20<T≤25,20,0.5,,
Tianneng Energy,Charge,50-60%,20<T≤25,20,0.5,,
Tianneng Energy,Charge,60-70%,20<T≤25,20,0.5,,
Tianneng Energy,Charge,70-80%,20<T≤25,20,0.5,,
Tianneng Energy,Charge,80-90%,20<T≤25,20,0.5,,
Tianneng Energy,Charge,90-95%,20<T≤25,20,0.5,,
Tianneng Energy,Charge,95-100%,20<T≤25,20,0.5,,
Tianneng Energy,Charge,0-10%,25<T≤30,25,0.5,,
Tianneng Energy,Charge,10-20%,25<T≤30,25,0.5,,
Tianneng Energy,Charge,20-30%,25<T≤30,25,0.5,,
Tianneng Energy,Charge,30-40%,25<T≤30,25,0.5,,
Tianneng Energy,Charge,40-50%,25<T≤30,25,0.5,,
Tianneng Energy,Charge,50-60%,25<T≤30,25,0.5,,
Tianneng Energy,Charge,60-70%,25<T≤30,25,0.5,,
Tianneng Energy,Charge,70-80%,25<T≤30,25,0.5,,
Tianneng Energy,Charge,80-90%,25<T≤30,25,0.5,,
Tianneng Energy,Charge,90-95%,25<T≤30,25,0.5,,
Tianneng Energy,Charge,95-100%,25<T≤30,25,0.5,,
Tianneng Energy,Charge,0-10%,30<T≤35,30,0.5,,
Tianneng Energy,Charge,10-20%,30<T≤35,30,0.5,,
Tianneng Energy,Charge,20-30%,30<T≤35,30,0.5,,
Tianneng Energy,Charge,30-40%,30<T≤35,30,0.5,,
Tianneng Energy,Charge,40-50%,30<T≤35,30,0.5,,
Tianneng Energy,Charge,50-60%,30<T≤35,30,0.5,,
Tianneng Energy,Charge,60-70%,30<T≤35,30,0.5,,
Tianneng Energy,Charge,70-80%,30<T≤35,30,0.5,,
Tianneng Energy,Charge,80-90%,30<T≤35,30,0.5,,
Tianneng Energy,Charge,90-95%,30<T≤35,30,0.5,,
Tianneng Energy,Charge,95-100%,30<T≤35,30,0.5,,
Tianneng Energy,Charge,0-10%,35<T≤40,35,0.5,,
Tianneng Energy,Charge,10-20%,35<T≤40,35,0.5,,
Tianneng Energy,Charge,20-30%,35<T≤40,35,0.5,,
Tianneng Energy,Charge,30-40%,35<T≤40,35,0.5,,
Tianneng Energy,Charge,40-50%,35<T≤40,35,0.5,,
Tianneng Energy,Charge,50-60%,35<T≤40,35,0.5,,
Tianneng Energy,Charge,60-70%,35<T≤40,35,0.5,,
Tianneng Energy,Charge,70-80%,35<T≤40,35,0.5,,
Tianneng Energy,Charge,80-90%,35<T≤40,35,0.5,,
Tianneng Energy,Charge,90-95%,35<T≤40,35,0.5,,
Tianneng Energy,Charge,95-100%,35<T≤40,35,0.5,,
Tianneng Energy,Charge,0-10%,40<T≤45,40,0.5,,
Tianneng Energy,Charge,10-20%,40<T≤45,40,0.5,,
Tianneng Energy,Charge,20-30%,40<T≤45,40,0.5,,
Tianneng Energy,Charge,30-40%,40<T≤45,40,0.5,,
Tianneng Energy,Charge,40-50%,40<T≤45,40,0.5,,
Tianneng Energy,Charge,50-60%,40<T≤45,40,0.5,,
Tianneng Energy,Charge,60-70%,40<T≤45,40,0.5,,
Tianneng Energy,Charge,70-80%,40<T≤45,40,0.5,,
Tianneng Energy,Charge,80-90%,40<T≤45,40,0.5,,
Tianneng Energy,Charge,90-95%,40<T≤45,40,0.5,,
Tianneng Energy,Charge,95-100%,40<T≤45,40,0.5,,
Tianneng Energy,Charge,0-10%,45<T≤50,45,0.5,,
Tianneng Energy,Charge,10-20%,45<T≤50,45,0.5,,
Tianneng Energy,Charge,20-30%,45<T≤50,45,0.5,,
Tianneng Energy,Charge,30-40%,45<T≤50,45,0.5,,
Tianneng Energy,Charge,40-50%,45<T≤50,45,0.5,,
Tianneng Energy,Charge,50-60%,45<T≤50,45,0.5,,
Tianneng Energy,Charge,60-70%,45<T≤50,45,0.5,,
Tianneng Energy,Charge,70-80%,45<T≤50,45,0.5,,
Tianneng Energy,Charge,80-90%,45<T≤50,45,0.5,,
Tianneng Energy,Charge,90-95%,45<T≤50,45,0.5,,
Tianneng Energy,Charge,95-100%,45<T≤50,45,0.5,,
Tianneng Energy,Charge,0-10%,50<T≤55,50,0.25,,
Tianneng Energy,Charge,10-20%,50<T≤55,50,0.25,,
Tianneng Energy,Charge,20-30%,50<T≤55,50,0.25,,
Tianneng Energy,Charge,30-40%,50<T≤55,50,0.25,,
Tianneng Energy,Charge,40-50%,50<T≤55,50,0.25,,
Tianneng Energy,Charge,50-60%,50<T≤55,50,0.25,,
Tianneng Energy,Charge,60-70%,50<T≤55,50,0.25,,
Tianneng Energy,Charge,70-80%,50<T≤55,50,0.25,,
Tianneng Energy,Charge,80-90%,50<T≤55,50,0.25,,
Tianneng Energy,Charge,90-95%,50<T≤55,50,0.25,,
Tianneng Energy,Charge,95-100%,50<T≤55,50,0.25,,
Tianneng Energy,Charge,0-10%,55<T≤60,55,0.25,,
Tianneng Energy,Charge,10-20%,55<T≤60,55,0.25,,
Tianneng Energy,Charge,20-30%,55<T≤60,55,0.25,,
Tianneng Energy,Charge,30-40%,55<T≤60,55,0.25,,
Tianneng Energy,Charge,40-50%,55<T≤60,55,0.25,,
Tianneng Energy,Charge,50-60%,55<T≤60,55,0.25,,
Tianneng Energy,Charge,60-70%,55<T≤60,55,0.25,,
Tianneng Energy,Charge,70-80%,55<T≤60,55,0.25,,
Tianneng Energy,Charge,80-90%,55<T≤60,55,0.25,,
Tianneng Energy,Charge,90-95%,55<T≤60,55,0.1,,
Tianneng Energy,Charge,95-100%,55<T≤60,55,0.1,,
Tianneng Energy,Discharge,0-10%,-30≤T<-25,-30,0,,
Tianneng Energy,Discharge,10-20%,-30≤T<-25,-30,0,,
Tianneng Energy,Discharge,20-30%,-30≤T<-25,-30,0,,
Tianneng Energy,Discharge,30-40%,-30≤T<-25,-30,0,,
Tianneng Energy,Discharge,40-50%,-30≤T<-25,-30,0,,
Tianneng Energy,Discharge,50-60%,-30≤T<-25,-30,0,,
Tianneng Energy,Discharge,60-70%,-30≤T<-25,-30,0,,
Tianneng Energy,Discharge,70-80%,-30≤T<-25,-30,0,,
Tianneng Energy,Discharge,80-90%,-30≤T<-25,-30,0,,
Tianneng Energy,Discharge,90-100%,-30≤T<-25,-30,0,,
Tianneng Energy,Discharge,0-10%,-25≤T<-20,-25,0,,
Tianneng Energy,Discharge,10-20%,-25≤T<-20,-25,0,,
Tianneng Energy,Discharge,20-30%,-25≤T<-20,-25,0,,
Tianneng Energy,Discharge,30-40%,-25≤T<-20,-25,0,,
Tianneng Energy,Discharge,40-50%,-25≤T<-20,-25,0,,
Tianneng Energy,Discharge,50-60%,-25≤T<-20,-25,0,,
Tianneng Energy,Discharge,60-70%,-25≤T<-20,-25,0,,
Tianneng Energy,Discharge,70-80%,-25≤T<-20,-25,0,,
Tianneng Energy,Discharge,80-90%,-25≤T<-20,-25,0,,
Tianneng Energy,Discharge,90-100%,-25≤T<-20,-25,0,,
Tianneng Energy,Discharge,0-10%,-20≤T<-15,-20,0.5,,
Tianneng Energy,Discharge,10-20%,-20≤T<-15,-20,0.5,,
Tianneng Energy,Discharge,20-30%,-20≤T<-15,-20,0.5,,
Tianneng Energy,Discharge,30-40%,-20≤T<-15,-20,0.5,,
Tianneng Energy,Discharge,40-50%,-20≤T<-15,-20,0.5,,
Tianneng Energy,Discharge,50-60%,-20≤T<-15,-20,0.5,,
Tianneng Energy,Discharge,60-70%,-20≤T<-15,-20,0.5,,
Tianneng Energy,Discharge,70-80%,-20≤T<-15,-20,0.5,,
Tianneng Energy,Discharge,80-90%,-20≤T<-15,-20,0.5,,
Tianneng Energy,Discharge,90-100%,-20≤T<-15,-20,0.5,,
Tianneng Energy,Discharge,0-10%,-15≤T<-10,-15,0.5,,
Tianneng Energy,Discharge,10-20%,-15≤T<-10,-15,0.5,,
Tianneng Energy,Discharge,20-30%,-15≤T<-10,-15,0.5,,
Tianneng Energy,Discharge,30-40%,-15≤T<-10,-15,0.5,,
Tianneng Energy,Discharge,40-50%,-15≤T<-10,-15,0.5,,
Tianneng Energy,Discharge,50-60%,-15≤T<-10,-15,0.5,,
Tianneng Energy,Discharge,60-70%,-15≤T<-10,-15,0.5,,
Tianneng Energy,Discharge,70-80%,-15≤T<-10,-15,0.5,,
Tianneng Energy,Discharge,80-90%,-15≤T<-10,-15,0.5,,
Tianneng Energy,Discharge,90-100%,-15≤T<-10,-15,0.5,,
Tianneng Energy,Discharge,0-10%,-10≤T<-5,-10,0.5,,
Tianneng Energy,Discharge,10-20%,-10≤T<-5,-10,0.5,,
Tianneng Energy,Discharge,20-30%,-10≤T<-5,-10,0.5,,
Tianneng Energy,Discharge,30-40%,-10≤T<-5,-10,0.5,,
Tianneng Energy,Discharge,40-50%,-10≤T<-5,-10,0.5,,
Tianneng Energy,Discharge,50-60%,-10≤T<-5,-10,0.5,,
Tianneng Energy,Discharge,60-70%,-10≤T<-5,-10,0.5,,
Tianneng Energy,Discharge,70-80%,-10≤T<-5,-10,0.5,,
Tianneng Energy,Discharge,80-90%,-10≤T<-5,-10,0.5,,
Tianneng Energy,Discharge,90-100%,-10≤T<-5,-10,0.5,,
Tianneng Energy,Discharge,0-10%,-5≤T<0,-5,0.5,,
Tianneng Energy,Discharge,10-20%,-5≤T<0,-5,0.5,,
Tianneng Energy,Discharge,20-30%,-5≤T<0,-5,0.5,,
Tianneng Energy,Discharge,30-40%,-5≤T<0,-5,0.5,,
Tianneng Energy,Discharge,40-50%,-5≤T<0,-5,0.5,,
Tianneng Energy,Discharge,50-60%,-5≤T<0,-5,0.5,,
Tianneng Energy,Discharge,60-70%,-5≤T<0,-5,0.5,,
Tianneng Energy,Discharge,70-80%,-5≤T<0,-5,0.5,,
Tianneng Energy,Discharge,80-90%,-5≤T<0,-5,0.5,,
Tianneng Energy,Discharge,90-100%,-5≤T<0,-5,0.5,,
Tianneng Energy,Discharge,0-10%,0≤T<5,0,0.5,,
Tianneng Energy,Discharge,10-20%,0≤T<5,0,0.5,,
Tianneng Energy,Discharge,20-30%,0≤T<5,0,0.5,,
Tianneng Energy,Discharge,30-40%,0≤T<5,0,0.5,,
Tianneng Energy,Discharge,40-50%,0≤T<5,0,0.5,,
Tianneng Energy,Discharge,50-60%,0≤T<5,0,0.5,,
Tianneng Energy,Discharge,60-70%,0≤T<5,0,0.5,,
Tianneng Energy,Discharge,70-80%,0≤T<5,0,0.5,,
Tianneng Energy,Discharge,80-90%,0≤T<5,0,0.5,,
Tianneng Energy,Discharge,90-100%,0≤T<5,0,0.5,,
Tianneng Energy,Discharge,0-10%,5<T≤10,5,0.5,,
Tianneng Energy,Discharge,10-20%,5<T≤10,5,0.5,,
Tianneng Energy,Discharge,20-30%,5<T≤10,5,0.5,,
Tianneng Energy,Discharge,30-40%,5<T≤10,5,0.5,,
Tianneng Energy,Discharge,40-50%,5<T≤10,5,0.5,,
Tianneng Energy,Discharge,50-60%,5<T≤10,5,0.5,,
Tianneng Energy,Discharge,60-70%,5<T≤10,5,0.5,,
Tianneng Energy,Discharge,70-80%,5<T≤10,5,0.5,,
Tianneng Energy,Discharge,80-90%,5<T≤10,5,0.5,,
Tianneng Energy,Discharge,90-100%,5<T≤10,5,0.5,,
Tianneng Energy,Discharge,0-10%,10<T≤15,10,0.5,,
Tianneng Energy,Discharge,10-20%,10<T≤15,10,0.5,,
Tianneng Energy,Discharge,20-30%,10<T≤15,10,0.5,,
Tianneng Energy,Discharge,30-40%,10<T≤15,10,0.5,,
Tianneng Energy,Discharge,40-50%,10<T≤15,10,0.5,,
Tianneng Energy,Discharge,50-60%,10<T≤15,10,0.5,,
Tianneng Energy,Discharge,60-70%,10<T≤15,10,0.5,,
Tianneng Energy,Discharge,70-80%,10<T≤15,10,0.5,,
Tianneng Energy,Discharge,80-90%,10<T≤15,10,0.5,,
Tianneng Energy,Discharge,90-100%,10<T≤15,10,0.5,,
Tianneng Energy,Discharge,0-10%,15<T≤20,15,0.5,,
Tianneng Energy,Discharge,10-20%,15<T≤20,15,0.5,,
Tianneng Energy,Discharge,20-30%,15<T≤20,15,0.5,,
Tianneng Energy,Discharge,30-40%,15<T≤20,15,0.5,,
Tianneng Energy,Discharge,40-50%,15<T≤20,15,0.5,,
Tianneng Energy,Discharge,50-60%,15<T≤20,15,0.5,,
Tianneng Energy,Discharge,60-70%,15<T≤20,15,0.5,,
Tianneng Energy,Discharge,70-80%,15<T≤20,15,0.5,,
Tianneng Energy,Discharge,80-90%,15<T≤20,15,0.5,,
Tianneng Energy,Discharge,90-100%,15<T≤20,15,0.5,,
Tianneng Energy,Discharge,0-10%,20<T≤25,20,0.5,,
Tianneng Energy,Discharge,10-20%,20<T≤25,20,0.5,,
Tianneng Energy,Discharge,20-30%,20<T≤25,20,0.5,,
Tianneng Energy,Discharge,30-40%,20<T≤25,20,0.5,,
Tianneng Energy,Discharge,40-50%,20<T≤25,20,0.5,,
Tianneng Energy,Discharge,50-60%,20<T≤25,20,0.5,,
Tianneng Energy,Discharge,60-70%,20<T≤25,20,0.5,,
Tianneng Energy,Discharge,70-80%,20<T≤25,20,0.5,,
Tianneng Energy,Discharge,80-90%,20<T≤25,20,0.5,,
Tianneng Energy,Discharge,90-100%,20<T≤25,20,0.5,,
Tianneng Energy,Discharge,0-10%,25<T≤30,25,0.5,,
Tianneng Energy,Discharge,10-20%,25<T≤30,25,0.5,,
Tianneng Energy,Discharge,20-30%,25<T≤30,25,0.5,,
Tianneng Energy,Discharge,30-40%,25<T≤30,25,0.5,,
Tianneng Energy,Discharge,40-50%,25<T≤30,25,0.5,,
Tianneng Energy,Discharge,50-60%,25<T≤30,25,0.5,,
Tianneng Energy,Discharge,60-70%,25<T≤30,25,0.5,,
Tianneng Energy,Discharge,70-80%,25<T≤30,25,0.5,,
Tianneng Energy,Discharge,80-90%,25<T≤30,25,0.5,,
Tianneng Energy,Discharge,90-100%,25<T≤30,25,0.5,,
Tianneng Energy,Discharge,0-10%,30<T≤35,30,0.5,,
Tianneng Energy,Discharge,10-20%,30<T≤35,30,0.5,,
Tianneng Energy,Discharge,20-30%,30<T≤35,30,0.5,,
Tianneng Energy,Discharge,30-40%,30<T≤35,30,0.5,,
Tianneng Energy,Discharge,40-50%,30<T≤35,30,0.5,,
Tianneng Energy,Discharge,50-60%,30<T≤35,30,0.5,,
Tianneng Energy,Discharge,60-70%,30<T≤35,30,0.5,,
Tianneng Energy,Discharge,70-80%,30<T≤35,30,0.5,,
Tianneng Energy,Discharge,80-90%,30<T≤35,30,0.5,,
Tianneng Energy,Discharge,90-100%,30<T≤35,30,0.5,,
Tianneng Energy,Discharge,0-10%,35<T≤40,35,0.5,,
Tianneng Energy,Discharge,10-20%,35<T≤40,35,0.5,,
Tianneng Energy,Discharge,20-30%,35<T≤40,35,0.5,,
Tianneng Energy,Discharge,30-40%,35<T≤40,35,0.5,,
Tianneng Energy,Discharge,40-50%,35<T≤40,35,0.5,,
Tianneng Energy,Discharge,50-60%,35<T≤40,35,0.5,,
Tianneng Energy,Discharge,60-70%,35<T≤40,35,0.5,,
Tianneng Energy,Discharge,70-80%,35<T≤40,35,0.5,,
Tianneng Energy,Discharge,80-90%,35<T≤40,35,0.5,,
Tianneng Energy,Discharge,90-100%,35<T≤40,35,0.5,,
Tianneng Energy,Discharge,0-10%,40<T≤45,40,0.5,,
Tianneng Energy,Discharge,10-20%,40<T≤45,40,0.5,,
Tianneng Energy,Discharge,20-30%,40<T≤45,40,0.5,,
Tianneng Energy,Discharge,30-40%,40<T≤45,40,0.5,,
Tianneng Energy,Discharge,40-50%,40<T≤45,40,0.5,,
Tianneng Energy,Discharge,50-60%,40<T≤45,40,0.5,,
Tianneng Energy,Discharge,60-70%,40<T≤45,40,0.5,,
Tianneng Energy,Discharge,70-80%,40<T≤45,40,0.5,,
Tianneng Energy,Discharge,80-90%,40<T≤45,40,0.5,,
Tianneng Energy,Discharge,90-100%,40<T≤45,40,0.5,,
Tianneng Energy,Discharge,0-10%,45<T≤50,45,0.5,,
Tianneng Energy,Discharge,10-20%,45<T≤50,45,0.5,,
Tianneng Energy,Discharge,20-30%,45<T≤50,45,0.5,,
Tianneng Energy,Discharge,30-40%,45<T≤50,45,0.5,,
Tianneng Energy,Discharge,40-50%,45<T≤50,45,0.5,,
Tianneng Energy,Discharge,50-60%,45<T≤50,45,0.5,,
Tianneng Energy,Discharge,60-70%,45<T≤50,45,0.5,,
Tianneng Energy,Discharge,70-80%,45<T≤50,45,0.5,,
Tianneng Energy,Discharge,80-90%,45<T≤50,45,0.5,,
Tianneng Energy,Discharge,90-100%,45<T≤50,45,0.5,,
Tianneng Energy,Discharge,0-10%,50<T≤55,50,0.25,,
Tianneng Energy,Discharge,10-20%,50<T≤55,50,0.25,,
Tianneng Energy,Discharge,20-30%,50<T≤55,50,0.5,,
Tianneng Energy,Discharge,30-40%,50<T≤55,50,0.5,,
Tianneng Energy,Discharge,40-50%,50<T≤55,50,0.5,,
Tianneng Energy,Discharge,50-60%,50<T≤55,50,0.5,,
Tianneng Energy,Discharge,60-70%,50<T≤55,50,0.5,,
Tianneng Energy,Discharge,70-80%,50<T≤55,50,0.5,,
Tianneng Energy,Discharge,80-90%,50<T≤55,50,0.5,,
Tianneng Energy,Discharge,90-100%,50<T≤55,50,0.5,,
Tianneng Energy,Discharge,0-10%,55<T≤60,55,0.1,,
Tianneng Energy,Discharge,10-20%,55<T≤60,55,0.1,,
Tianneng Energy,Discharge,20-30%,55<T≤60,55,0.25,,
Tianneng Energy,Discharge,30-40%,55<T≤60,55,0.25,,
Tianneng Energy,Discharge,40-50%,55<T≤60,55,0.25,,
Tianneng Energy,Discharge,50-60%,55<T≤60,55,0.25,,
Tianneng Energy,Discharge,60-70%,55<T≤60,55,0.25,,
Tianneng Energy,Discharge,70-80%,55<T≤60,55,0.25,,
Tianneng Energy,Discharge,80-90%,55<T≤60,55,0.25,,
Tianneng Energy,Discharge,90-100%,55<T≤60,55,0.25,,
REPT,Charge,0-10%,T≤0,0,0,,
REPT,Charge,10-20%,T≤0,0,0,,
REPT,Charge,20-30%,T≤0,0,0,,
REPT,Charge,30-40%,T≤0,0,0,,
REPT,Charge,40-50%,T≤0,0,0,,
REPT,Charge,50-60%,T≤0,0,0,,
REPT,Charge,60-70%,T≤0,0,0,,
REPT,Charge,70-80%,T≤0,0,0,,
REPT,Charge,80-90%,T≤0,0,0,,
REPT,Charge,90-95%,T≤0,0,0,,
REPT,Charge,95-100%,T≤0,0,0,,
REPT,Charge,0-10%,0<T≤5,0,0.5,,
REPT,Charge,10-20%,0<T≤5,0,0.5,,
REPT,Charge,20-30%,0<T≤5,0,0.5,,
REPT,Charge,30-40%,0<T≤5,0,0.5,,
REPT,Charge,40-50%,0<T≤5,0,0.5,,
REPT,Charge,50-60%,0<T≤5,0,0.5,,
REPT,Charge,60-70%,0<T≤5,0,0.5,,
REPT,Charge,70-80%,0<T≤5,0,0.5,,
REPT,Charge,80-90%,0<T≤5,0,0.5,,
REPT,Charge,90-95%,0<T≤5,0,0.5,,
REPT,Charge,95-100%,0<T≤5,0,0.5,,
REPT,Charge,0-10%,5<T≤10,5,0.5,,
REPT,Charge,10-20%,5<T≤10,5,0.5,,
REPT,Charge,20-30%,5<T≤10,5,0.5,,
REPT,Charge,30-40%,5<T≤10,5,0.5,,
REPT,Charge,40-50%,5<T≤10,5,0.5,,
REPT,Charge,50-60%,5<T≤10,5,0.5,,
REPT,Charge,60-70%,5<T≤10,5,0.5,,
REPT,Charge,70-80%,5<T≤10,5,0.5,,
REPT,Charge,80-90%,5<T≤10,5,0.5,,
REPT,Charge,90-95%,5<T≤10,5,0.5,,
REPT,Charge,95-100%,5<T≤10,5,0.5,,
REPT,Charge,0-10%,10<T≤15,10,0.5,,
REPT,Charge,10-20%,10<T≤15,10,0.5,,
REPT,Charge,20-30%,10<T≤15,10,0.5,,
REPT,Charge,30-40%,10<T≤15,10,0.5,,
REPT,Charge,40-50%,10<T≤15,10,0.5,,
REPT,Charge,50-60%,10<T≤15,10,0.5,,
REPT,Charge,60-70%,10<T≤15,10,0.5,,
REPT,Charge,70-80%,10<T≤15,10,0.5,,
REPT,Charge,80-90%,10<T≤15,10,0.5,,
REPT,Charge,90-95%,10<T≤15,10,0.5,,
REPT,Charge,95-100%,10<T≤15,10,0.5,,
REPT,Charge,0-10%,15<T≤20,15,0.5,,
REPT,Charge,10-20%,15<T≤20,15,0.5,,
REPT,Charge,20-30%,15<T≤20,15,0.5,,
REPT,Charge,30-40%,15<T≤20,15,0.5,,
REPT,Charge,40-50%,15<T≤20,15,0.5,,
REPT,Charge,50-60%,15<T≤20,15,0.5,,
REPT,Charge,60-70%,15<T≤20,15,0.5,,
REPT,Charge,70-80%,15<T≤20,15,0.5,,
REPT,Charge,80-90%,15<T≤20,15,0.5,,
REPT,Charge,90-95%,15<T≤20,15,0.5,,
REPT,Charge,95-100%,15<T≤20,15,0.5,,
REPT,Charge,0-10%,20<T≤25,20,0.5,,
REPT,Charge,10-20%,20<T≤25,20,0.5,,
REPT,Charge,20-30%,20<T≤25,20,0.5,,
REPT,Charge,30-40%,20<T≤25,20,0.5,,
REPT,Charge,40-50%,20<T≤25,20,0.5,,
REPT,Charge,50-60%,20<T≤25,20,0.5,,
REPT,Charge,60-70%,20<T≤25,20,0.5,,
REPT,Charge,70-80%,20<T≤25,20,0.5,,
REPT,Charge,80-90%,20<T≤25,20,0.5,,
REPT,Charge,90-95%,20<T≤25,20,0.5,,
REPT,Charge,95-100%,20<T≤25,20,0.5,,
REPT,Charge,0-10%,25<T≤30,25,0.5,,
REPT,Charge,10-20%,25<T≤30,25,0.5,,
REPT,Charge,20-30%,25<T≤30,25,0.5,,
REPT,Charge,30-40%,25<T≤30,25,0.5,,
REPT,Charge,40-50%,25<T≤30,25,0.5,,
REPT,Charge,50-60%,25<T≤30,25,0.5,,
REPT,Charge,60-70%,25<T≤30,25,0.5,,
REPT,Charge,70-80%,25<T≤30,25,0.5,,
REPT,Charge,80-90%,25<T≤30,25,0.5,,
REPT,Charge,90-95%,25<T≤30,25,0.5,,
REPT,Charge,95-100%,25<T≤30,25,0.5,,
REPT,Charge,0-10%,30<T≤35,30,0.5,,
REPT,Charge,10-20%,30<T≤35,30,0.5,,
REPT,Charge,20-30%,30<T≤35,30,0.5,,
REPT,Charge,30-40%,30<T≤35,30,0.5,,
REPT,Charge,40-50%,30<T≤35,30,0.5,,
REPT,Charge,50-60%,30<T≤35,30,0.5,,
REPT,Charge,60-70%,30<T≤35,30,0.5,,
REPT,Charge,70-80%,30<T≤35,30,0.5,,
REPT,Charge,80-90%,30<T≤35,30,0.5,,
REPT,Charge,90-95%,30<T≤35,30,0.5,,
REPT,Charge,95-100%,30<T≤35,30,0.5,,
REPT,Charge,0-10%,35<T≤40,35,0.5,,
REPT,Charge,10-20%,35<T≤40,35,0.5,,
REPT,Charge,20-30%,35<T≤40,35,0.5,,
REPT,Charge,30-40%,35<T≤40,35,0.5,,
REPT,Charge,40-50%,35<T≤40,35,0.5,,
REPT,Charge,50-60%,35<T≤40,35,0.5,,
REPT,Charge,60-70%,35<T≤40,35,0.5,,
REPT,Charge,70-80%,35<T≤40,35,0.5,,
REPT,Charge,80-90%,35<T≤40,35,0.5,,
REPT,Charge,90-95%,35<T≤40,35,0.5,,
REPT,Charge,95-100%,35<T≤40,35,0.5,,
REPT,Charge,0-10%,40<T≤45,40,0.5,,
REPT,Charge,10-20%,40<T≤45,40,0.5,,
REPT,Charge,20-30%,40<T≤45,40,0.5,,
REPT,Charge,30-40%,40<T≤45,40,0.5,,
REPT,Charge,40-50%,40<T≤45,40,0.5,,
REPT,Charge,50-60%,40<T≤45,40,0.5,,
REPT,Charge,60-70%,40<T≤45,40,0.5,,
REPT,Charge,70-80%,40<T≤45,40,0.5,,
REPT,Charge,80-90%,40<T≤45,40,0.5,,
REPT,Charge,90-95%,40<T≤45,40,0.5,,
REPT,Charge,95-100%,40<T≤45,40,0.5,,
REPT,Charge,0-10%,45<T≤50,45,0.5,,
REPT,Charge,10-20%,45<T≤50,45,0.5,,
REPT,Charge,20-30%,45<T≤50,45,0.5,,
REPT,Charge,30-40%,45<T≤50,45,0.5,,
REPT,Charge,40-50%,45<T≤50,45,0.5,,
REPT,Charge,50-60%,45<T≤50,45,0.5,,
REPT,Charge,60-70%,45<T≤50,45,0.5,,
REPT,Charge,70-80%,45<T≤50,45,0.5,,
REPT,Charge,80-90%,45<T≤50,45,0.5,,
REPT,Charge,90-95%,45<T≤50,45,0.5,,
REPT,Charge,95-100%,45<T≤50,45,0.5,,
REPT,Charge,0-10%,50<T≤55,50,0.25,,
REPT,Charge,10-20%,50<T≤55,50,0.25,,
REPT,Charge,20-30%,50<T≤55,50,0.25,,
REPT,Charge,30-40%,50<T≤55,50,0.25,,
REPT,Charge,40-50%,50<T≤55,50,0.25,,
REPT,Charge,50-60%,50<T≤55,50,0.25,,
REPT,Charge,60-70%,50<T≤55,50,0.25,,
REPT,Charge,70-80%,50<T≤55,50,0.25,,
REPT,Charge,80-90%,50<T≤55,50,0.25,,
REPT,Charge,90-95%,50<T≤55,50,0.25,,
REPT,Charge,95-100%,50<T≤55,50,0.25,,
REPT,Charge,0-10%,55<T≤60,55,0.25,,
REPT,Charge,10-20%,55<T≤60,55,0.25,,
REPT,Charge,20-30%,55<T≤60,55,0.25,,
REPT,Charge,30-40%,55<T≤60,55,0.25,,
REPT,Charge,40-50%,55<T≤60,55,0.25,,
REPT,Charge,50-60%,55<T≤60,55,0.25,,
REPT,Charge,60-70%,55<T≤60,55,0.25,,
REPT,Charge,70-80%,55<T≤60,55,0.25,,
REPT,Charge,80-90%,55<T≤60,55,0.25,,
REPT,Charge,90-95%,55<T≤60,55,0.1,,
REPT,Charge,95-100%,55<T≤60,55,0.1,,
REPT,Discharge,0-10%,-30≤T<-25,-30,0,,
REPT,Discharge,10-20%,-30≤T<-25,-30,0,,
REPT,Discharge,20-30%,-30≤T<-25,-30,0,,
REPT,Discharge,30-40%,-30≤T<-25,-30,0,,
REPT,Discharge,40-50%,-30≤T<-25,-30,0,,
REPT,Discharge,50-60%,-30≤T<-25,-30,0,,
REPT,Discharge,60-70%,-30≤T<-25,-30,0,,
REPT,Discharge,70-80%,-30≤T<-25,-30,0,,
REPT,Discharge,80-90%,-30≤T<-25,-30,0,,
REPT,Discharge,90-100%,-30≤T<-25,-30,0,,
REPT,Discharge,0-10%,-25≤T<-20,-25,0,,
REPT,Discharge,10-20%,-25≤T<-20,-25,0,,
REPT,Discharge,20-30%,-25≤T<-20,-25,0,,
REPT,Discharge,30-40%,-25≤T<-20,-25,0,,
REPT,Discharge,40-50%,-25≤T<-20,-25,0,,
REPT,Discharge,50-60%,-25≤T<-20,-25,0,,
REPT,Discharge,60-70%,-25≤T<-20,-25,0,,
REPT,Discharge,70-80%,-25≤T<-20,-25,0,,
REPT,Discharge,80-90%,-25≤T<-20,-25,0,,
REPT,Discharge,90-100%,-25≤T<-20,-25,0,,
REPT,Discharge,0-10%,-20≤T<-15,-20,0.5,,
REPT,Discharge,10-20%,-20≤T<-15,-20,0.5,,
REPT,Discharge,20-30%,-20≤T<-15,-20,0.5,,
REPT,Discharge,30-40%,-20≤T<-15,-20,0.5,,
REPT,Discharge,40-50%,-20≤T<-15,-20,0.5,,
REPT,Discharge,50-60%,-20≤T<-15,-20,0.5,,
REPT,Discharge,60-70%,-20≤T<-15,-20,0.5,,
REPT,Discharge,70-80%,-20≤T<-15,-20,0.5,,
REPT,Discharge,80-90%,-20≤T<-15,-20,0.5,,
REPT,Discharge,90-100%,-20≤T<-15,-20,0.5,,
REPT,Discharge,0-10%,-15≤T<-10,-15,0.5,,
REPT,Discharge,10-20%,-15≤T<-10,-15,0.5,,
REPT,Discharge,20-30%,-15≤T<-10,-15,0.5,,
REPT,Discharge,30-40%,-15≤T<-10,-15,0.5,,
REPT,Discharge,40-50%,-15≤T<-10,-15,0.5,,
REPT,Discharge,50-60%,-15≤T<-10,-15,0.5,,
REPT,Discharge,60-70%,-15≤T<-10,-15,0.5,,
REPT,Discharge,70-80%,-15≤T<-10,-15,0.5,,
REPT,Discharge,80-90%,-15≤T<-10,-15,0.5,,
REPT,Discharge,90-100%,-15≤T<-10,-15,0.5,,
REPT,Discharge,0-10%,-10≤T<-5,-10,0.5,,
REPT,Discharge,10-20%,-10≤T<-5,-10,0.5,,
REPT,Discharge,20-30%,-10≤T<-5,-10,0.5,,
REPT,Discharge,30-40%,-10≤T<-5,-10,0.5,,
REPT,Discharge,40-50%,-10≤T<-5,-10,0.5,,
REPT,Discharge,50-60%,-10≤T<-5,-10,0.5,,
REPT,Discharge,60-70%,-10≤T<-5,-10,0.5,,
REPT,Discharge,70-80%,-10≤T<-5,-10,0.5,,
REPT,Discharge,80-90%,-10≤T<-5,-10,0.5,,
REPT,Discharge,90-100%,-10≤T<-5,-10,0.5,,
REPT,Discharge,0-10%,-5≤T<0,-5,0.5,,
REPT,Discharge,10-20%,-5≤T<0,-5,0.5,,
REPT,Discharge,20-30%,-5≤T<0,-5,0.5,,
REPT,Discharge,30-40%,-5≤T<0,-5,0.5,,
REPT,Discharge,40-50%,-5≤T<0,-5,0.5,,
REPT,Discharge,50-60%,-5≤T<0,-5,0.5,,
REPT,Discharge,60-70%,-5≤T<0,-5,0.5,,
REPT,Discharge,70-80%,-5≤T<0,-5,0.5,,
REPT,Discharge,80-90%,-5≤T<0,-5,0.5,,
REPT,Discharge,90-100%,-5≤T<0,-5,0.5,,
REPT,Discharge,0-10%,0≤T<5,0,0.5,,
REPT,Discharge,10-20%,0≤T<5,0,0.5,,
REPT,Discharge,20-30%,0≤T<5,0,0.5,,
REPT,Discharge,30-40%,0≤T<5,0,0.5,,
REPT,Discharge,40-50%,0≤T<5,0,0.5,,
REPT,Discharge,50-60%,0≤T<5,0,0.5,,
REPT,Discharge,60-70%,0≤T<5,0,0.5,,
REPT,Discharge,70-80%,0≤T<5,0,0.5,,
REPT,Discharge,80-90%,0≤T<5,0,0.5,,
REPT,Discharge,90-100%,0≤T<5,0,0.5,,
REPT,Discharge,0-10%,5<T≤10,5,0.5,,
REPT,Discharge,10-20%,5<T≤10,5,0.5,,
REPT,Discharge,20-30%,5<T≤10,5,0.5,,
REPT,Discharge,30-40%,5<T≤10,5,0.5,,
REPT,Discharge,40-50%,5<T≤10,5,0.5,,
REPT,Discharge,50-60%,5<T≤10,5,0.5,,
REPT,Discharge,60-70%,5<T≤10,5,0.5,,
REPT,Discharge,70-80%,5<T≤10,5,0.5,,
REPT,Discharge,80-90%,5<T≤10,5,0.5,,
REPT,Discharge,90-100%,5<T≤10,5,0.5,,
REPT,Discharge,0-10%,10<T≤15,10,0.5,,
REPT,Discharge,10-20%,10<T≤15,10,0.5,,
REPT,Discharge,20-30%,10<T≤15,10,0.5,,
REPT,Discharge,30-40%,10<T≤15,10,0.5,,
REPT,Discharge,40-50%,10<T≤15,10,0.5,,
REPT,Discharge,50-60%,10<T≤15,10,0.5,,
REPT,Discharge,60-70%,10<T≤15,10,0.5,,
REPT,Discharge,70-80%,10<T≤15,10,0.5,,
REPT,Discharge,80-90%,10<T≤15,10,0.5,,
REPT,Discharge,90-100%,10<T≤15,10,0.5,,
REPT,Discharge,0-10%,15<T≤20,15,0.5,,
REPT,Discharge,10-20%,15<T≤20,15,0.5,,
REPT,Discharge,20-30%,15<T≤20,15,0.5,,
REPT,Discharge,30-40%,15<T≤20,15,0.5,,
REPT,Discharge,40-50%,15<T≤20,15,0.5,,
REPT,Discharge,50-60%,15<T≤20,15,0.5,,
REPT,Discharge,60-70%,15<T≤20,15,0.5,,
REPT,Discharge,70-80%,15<T≤20,15,0.5,,
REPT,Discharge,80-90%,15<T≤20,15,0.5,,
REPT,Discharge,90-100%,15<T≤20,15,0.5,,
REPT,Discharge,0-10%,20<T≤25,20,0.5,,
REPT,Discharge,10-20%,20<T≤25,20,0.5,,
REPT,Discharge,20-30%,20<T≤25,20,0.5,,
REPT,Discharge,30-40%,20<T≤25,20,0.5,,
REPT,Discharge,40-50%,20<T≤25,20,0.5,,
REPT,Discharge,50-60%,20<T≤25,20,0.5,,
REPT,Discharge,60-70%,20<T≤25,20,0.5,,
REPT,Discharge,70-80%,20<T≤25,20,0.5,,
REPT,Discharge,80-90%,20<T≤25,20,0.5,,
REPT,Discharge,90-100%,20<T≤25,20,0.5,,
REPT,Discharge,0-10%,25<T≤30,25,0.5,,
REPT,Discharge,10-20%,25<T≤30,25,0.5,,
REPT,Discharge,20-30%,25<T≤30,25,0.5,,
REPT,Discharge,30-40%,25<T≤30,25,0.5,,
REPT,Discharge,40-50%,25<T≤30,25,0.5,,
REPT,Discharge,50-60%,25<T≤30,25,0.5,,
REPT,Discharge,60-70%,25<T≤30,25,0.5,,
REPT,Discharge,70-80%,25<T≤30,25,0.5,,
REPT,Discharge,80-90%,25<T≤30,25,0.5,,
REPT,Discharge,90-100%,25<T≤30,25,0.5,,
REPT,Discharge,0-10%,30<T≤35,30,0.5,,
REPT,Discharge,10-20%,30<T≤35,30,0.5,,
REPT,Discharge,20-30%,30<T≤35,30,0.5,,
REPT,Discharge,30-40%,30<T≤35,30,0.5,,
REPT,Discharge,40-50%,30<T≤35,30,0.5,,
REPT,Discharge,50-60%,30<T≤35,30,0.5,,
REPT,Discharge,60-70%,30<T≤35,30,0.5,,
REPT,Discharge,70-80%,30<T≤35,30,0.5,,
REPT,Discharge,80-90%,30<T≤35,30,0.5,,
REPT,Discharge,90-100%,30<T≤35,30,0.5,,
REPT,Discharge,0-10%,35<T≤40,35,0.5,,
REPT,Discharge,10-20%,35<T≤40,35,0.5,,
REPT,Discharge,20-30%,35<T≤40,35,0.5,,
REPT,Discharge,30-40%,35<T≤40,35,0.5,,
REPT,Discharge,40-50%,35<T≤40,35,0.5,,
REPT,Discharge,50-60%,35<T≤40,35,0.5,,
REPT,Discharge,60-70%,35<T≤40,35,0.5,,
REPT,Discharge,70-80%,35<T≤40,35,0.5,,
REPT,Discharge,80-90%,35<T≤40,35,0.5,,
REPT,Discharge,90-100%,35<T≤40,35,0.5,,
REPT,Discharge,0-10%,40<T≤45,40,0.5,,
REPT,Discharge,10-20%,40<T≤45,40,0.5,,
REPT,Discharge,20-30%,40<T≤45,40,0.5,,
REPT,Discharge,30-40%,40<T≤45,40,0.5,,
REPT,Discharge,40-50%,40<T≤45,40,0.5,,
REPT,Discharge,50-60%,40<T≤45,40,0.5,,
REPT,Discharge,60-70%,40<T≤45,40,0.5,,
REPT,Discharge,70-80%,40<T≤45,40,0.5,,
REPT,Discharge,80-90%,40<T≤45,40,0.5,,
REPT,Discharge,90-100%,40<T≤45,40,0.5,,
REPT,Discharge,0-10%,45<T≤50,45,0.5,,
REPT,Discharge,10-20%,45<T≤50,45,0.5,,
REPT,Discharge,20-30%,45<T≤50,45,0.5,,
REPT,Discharge,30-40%,45<T≤50,45,0.5,,
REPT,Discharge,40-50%,45<T≤50,45,0.5,,
REPT,Discharge,50-60%,45<T≤50,45,0.5,,
REPT,Discharge,60-70%,45<T≤50,45,0.5,,
REPT,Discharge,70-80%,45<T≤50,45,0.5,,
REPT,Discharge,80-90%,45<T≤50,45,0.5,,
REPT,Discharge,90-100%,45<T≤50,45,0.5,,
REPT,Discharge,0-10%,50<T≤55,50,0.25,,
REPT,Discharge,10-20%,50<T≤55,50,0.25,,
REPT,Discharge,20-30%,50<T≤55,50,0.5,,
REPT,Discharge,30-40%,50<T≤55,50,0.5,,
REPT,Discharge,40-50%,50<T≤55,50,0.5,,
REPT,Discharge,50-60%,50<T≤55,50,0.5,,
REPT,Discharge,60-70%,50<T≤55,50,0.5,,
REPT,Discharge,70-80%,50<T≤55,50,0.5,,
REPT,Discharge,80-90%,50<T≤55,50,0.5,,
REPT,Discharge,90-100%,50<T≤55,50,0.5,,
REPT,Discharge,0-10%,55<T≤60,55,0.1,,
REPT,Discharge,10-20%,55<T≤60,55,0.1,,
REPT,Discharge,20-30%,55<T≤60,55,0.25,,
REPT,Discharge,30-40%,55<T≤60,55,0.25,,
REPT,Discharge,40-50%,55<T≤60,55,0.25,,
REPT,Discharge,50-60%,55<T≤60,55,0.25,,
REPT,Discharge,60-70%,55<T≤60,55,0.25,,
REPT,Discharge,70-80%,55<T≤60,55,0.25,,
REPT,Discharge,80-90%,55<T≤60,55,0.25,,
REPT,Discharge,90-100%,55<T≤60,55,0.25,,
NETC,Charge,0-10%,T≤0,0,,,
NETC,Charge,10-20%,T≤0,0,,,
NETC,Charge,20-30%,T≤0,0,,,
NETC,Charge,30-40%,T≤0,0,,,
NETC,Charge,40-50%,T≤0,0,,,
NETC,Charge,50-60%,T≤0,0,,,
NETC,Charge,60-70%,T≤0,0,,,
NETC,Charge,70-80%,T≤0,0,,,
NETC,Charge,80-90%,T≤0,0,,,
NETC,Charge,90-95%,T≤0,0,,,
NETC,Charge,95-100%,T≤0,0,,,
NETC,Charge,0-10%,0<T≤5,0,,,
NETC,Charge,10-20%,0<T≤5,0,,,
NETC,Charge,20-30%,0<T≤5,0,,,
NETC,Charge,30-40%,0<T≤5,0,,,
NETC,Charge,40-50%,0<T≤5,0,,,
NETC,Charge,50-60%,0<T≤5,0,,,
NETC,Charge,60-70%,0<T≤5,0,,,
NETC,Charge,70-80%,0<T≤5,0,,,
NETC,Charge,80-90%,0<T≤5,0,,,
NETC,Charge,90-95%,0<T≤5,0,,,
NETC,Charge,95-100%,0<T≤5,0,,,
NETC,Charge,0-10%,5<T≤10,5,,,
NETC,Charge,10-20%,5<T≤10,5,,,
NETC,Charge,20-30%,5<T≤10,5,,,
NETC,Charge,30-40%,5<T≤10,5,,,
NETC,Charge,40-50%,5<T≤10,5,,,
NETC,Charge,50-60%,5<T≤10,5,,,
NETC,Charge,60-70%,5<T≤10,5,,,
NETC,Charge,70-80%,5<T≤10,5,,,
NETC,Charge,80-90%,5<T≤10,5,,,
NETC,Charge,90-95%,5<T≤10,5,,,
NETC,Charge,95-100%,5<T≤10,5,,,
NETC,Charge,0-10%,10<T≤15,10,,,
NETC,Charge,10-20%,10<T≤15,10,,,
NETC,Charge,20-30%,10<T≤15,10,,,
NETC,Charge,30-40%,10<T≤15,10,,,
NETC,Charge,40-50%,10<T≤15,10,,,
NETC,Charge,50-60%,10<T≤15,10,,,
NETC,Charge,60-70%,10<T≤15,10,,,
NETC,Charge,70-80%,10<T≤15,10,,,
NETC,Charge,80-90%,10<T≤15,10,,,
NETC,Charge,90-95%,10<T≤15,10,,,
NETC,Charge,95-100%,10<T≤15,10,,,
NETC,Charge,0-10%,15<T≤20,15,,,
NETC,Charge,10-20%,15<T≤20,15,,,
NETC,Charge,20-30%,15<T≤20,15,,,
NETC,Charge,30-40%,15<T≤20,15,,,
NETC,Charge,40-50%,15<T≤20,15,,,
NETC,Charge,50-60%,15<T≤20,15,,,
NETC,Charge,60-70%,15<T≤20,15,,,
NETC,Charge,70-80%,15<T≤20,15,,,
NETC,Charge,80-90%,15<T≤20,15,,,
NETC,Charge,90-95%,15<T≤20,15,,,
NETC,Charge,95-100%,15<T≤20,15,,,
NETC,Charge,0-10%,20<T≤25,20,,,
NETC,Charge,10-20%,20<T≤25,20,,,
NETC,Charge,20-30%,20<T≤25,20,,,
NETC,Charge,30-40%,20<T≤25,20,,,
NETC,Charge,40-50%,20<T≤25,20,,,
NETC,Charge,50-60%,20<T≤25,20,,,
NETC,Charge,60-70%,20<T≤25,20,,,
NETC,Charge,70-80%,20<T≤25,20,,,
NETC,Charge,80-90%,20<T≤25,20,,,
NETC,Charge,90-95%,20<T≤25,20,,,
NETC,Charge,95-100%,20<T≤25,20,,,
NETC,Charge,0-10%,25<T≤30,25,,,
NETC,Charge,10-20%,25<T≤30,25,,,
NETC,Charge,20-30%,25<T≤30,25,,,
NETC,Charge,30-40%,25<T≤30,25,,,
NETC,Charge,40-50%,25<T≤30,25,,,
NETC,Charge,50-60%,25<T≤30,25,,,
NETC,Charge,60-70%,25<T≤30,25,,,
NETC,Charge,70-80%,25<T≤30,25,,,
NETC,Charge,80-90%,25<T≤30,25,,,
NETC,Charge,90-95%,25<T≤30,25,,,
NETC,Charge,95-100%,25<T≤30,25,,,
NETC,Charge,0-10%,30<T≤35,30,,,
NETC,Charge,10-20%,30<T≤35,30,,,
NETC,Charge,20-30%,30<T≤35,30,,,
NETC,Charge,30-40%,30<T≤35,30,,,
NETC,Charge,40-50%,30<T≤35,30,,,
NETC,Charge,50-60%,30<T≤35,30,,,
NETC,Charge,60-70%,30<T≤35,30,,,
NETC,Charge,70-80%,30<T≤35,30,,,
NETC,Charge,80-90%,30<T≤35,30,,,
NETC,Charge,90-95%,30<T≤35,30,,,
NETC,Charge,95-100%,30<T≤35,30,,,
NETC,Charge,0-10%,35<T≤40,35,,,
NETC,Charge,10-20%,35<T≤40,35,,,
NETC,Charge,20-30%,35<T≤40,35,,,
NETC,Charge,30-40%,35<T≤40,35,,,
NETC,Charge,40-50%,35<T≤40,35,,,
NETC,Charge,50-60%,35<T≤40,35,,,
NETC,Charge,60-70%,35<T≤40,35,,,
NETC,Charge,70-80%,35<T≤40,35,,,
NETC,Charge,80-90%,35<T≤40,35,,,
NETC,Charge,90-95%,35<T≤40,35,,,
NETC,Charge,95-100%,35<T≤40,35,,,
NETC,Charge,0-10%,40<T≤45,40,,,
NETC,Charge,10-20%,40<T≤45,40,,,
NETC,Charge,20-30%,40<T≤45,40,,,
NETC,Charge,30-40%,40<T≤45,40,,,
NETC,Charge,40-50%,40<T≤45,40,,,
NETC,Charge,50-60%,40<T≤45,40,,,
NETC,Charge,60-70%,40<T≤45,40,,,
NETC,Charge,70-80%,40<T≤45,40,,,
NETC,Charge,80-90%,40<T≤45,40,,,
NETC,Charge,90-95%,40<T≤45,40,,,
NETC,Charge,95-100%,40<T≤45,40,,,
NETC,Charge,0-10%,45<T≤50,45,,,
NETC,Charge,10-20%,45<T≤50,45,,,
NETC,Charge,20-30%,45<T≤50,45,,,
NETC,Charge,30-40%,45<T≤50,45,,,
NETC,Charge,40-50%,45<T≤50,45,,,
NETC,Charge,50-60%,45<T≤50,45,,,
NETC,Charge,60-70%,45<T≤50,45,,,
NETC,Charge,70-80%,45<T≤50,45,,,
NETC,Charge,80-90%,45<T≤50,45,,,
NETC,Charge,90-95%,45<T≤50,45,,,
NETC,Charge,95-100%,45<T≤50,45,,,
NETC,Charge,0-10%,50<T≤55,50,,,
NETC,Charge,10-20%,50<T≤55,50,,,
NETC,Charge,20-30%,50<T≤55,50,,,
NETC,Charge,30-40%,50<T≤55,50,,,
NETC,Charge,40-50%,50<T≤55,50,,,
NETC,Charge,50-60%,50<T≤55,50,,,
NETC,Charge,60-70%,50<T≤55,50,,,
NETC,Charge,70-80%,50<T≤55,50,,,
NETC,Charge,80-90%,50<T≤55,50,,,
NETC,Charge,90-95%,50<T≤55,50,,,
NETC,Charge,95-100%,50<T≤55,50,,,
NETC,Charge,0-10%,55<T≤60,55,,,
NETC,Charge,10-20%,55<T≤60,55,,,
NETC,Charge,20-30%,55<T≤60,55,,,
NETC,Charge,30-40%,55<T≤60,55,,,
NETC,Charge,40-50%,55<T≤60,55,,,
NETC,Charge,50-60%,55<T≤60,55,,,
NETC,Charge,60-70%,55<T≤60,55,,,
NETC,Charge,70-80%,55<T≤60,55,,,
NETC,Charge,80-90%,55<T≤60,55,,,
NETC,Charge,90-95%,55<T≤60,55,,,
NETC,Charge,95-100%,55<T≤60,55,,,
NETC,Discharge,0-10%,-30≤T<-25,-30,,,
NETC,Discharge,10-20%,-30≤T<-25,-30,,,
NETC,Discharge,20-30%,-30≤T<-25,-30,,,
NETC,Discharge,30-40%,-30≤T<-25,-30,,,
NETC,Discharge,40-50%,-30≤T<-25,-30,,,
NETC,Discharge,50-60%,-30≤T<-25,-30,,,
NETC,Discharge,60-70%,-30≤T<-25,-30,,,
NETC,Discharge,70-80%,-30≤T<-25,-30,,,
NETC,Discharge,80-90%,-30≤T<-25,-30,,,
NETC,Discharge,90-100%,-30≤T<-25,-30,,,
NETC,Discharge,0-10%,-25≤T<-20,-25,,,
NETC,Discharge,10-20%,-25≤T<-20,-25,,,
NETC,Discharge,20-30%,-25≤T<-20,-25,,,
NETC,Discharge,30-40%,-25≤T<-20,-25,,,
NETC,Discharge,40-50%,-25≤T<-20,-25,,,
NETC,Discharge,50-60%,-25≤T<-20,-25,,,
NETC,Discharge,60-70%,-25≤T<-20,-25,,,
NETC,Discharge,70-80%,-25≤T<-20,-25,,,
NETC,Discharge,80-90%,-25≤T<-20,-25,,,
NETC,Discharge,90-100%,-25≤T<-20,-25,,,
NETC,Discharge,0-10%,-20≤T<-15,-20,,,
NETC,Discharge,10-20%,-20≤T<-15,-20,,,
NETC,Discharge,20-30%,-20≤T<-15,-20,,,
NETC,Discharge,30-40%,-20≤T<-15,-20,,,
NETC,Discharge,40-50%,-20≤T<-15,-20,,,
NETC,Discharge,50-60%,-20≤T<-15,-20,,,
NETC,Discharge,60-70%,-20≤T<-15,-20,,,
NETC,Discharge,70-80%,-20≤T<-15,-20,,,
NETC,Discharge,80-90%,-20≤T<-15,-20,,,
NETC,Discharge,90-100%,-20≤T<-15,-20,,,
NETC,Discharge,0-10%,-15≤T<-10,-15,,,
NETC,Discharge,10-20%,-15≤T<-10,-15,,,
NETC,Discharge,20-30%,-15≤T<-10,-15,,,
NETC,Discharge,30-40%,-15≤T<-10,-15,,,
NETC,Discharge,40-50%,-15≤T<-10,-15,,,
NETC,Discharge,50-60%,-15≤T<-10,-15,,,
NETC,Discharge,60-70%,-15≤T<-10,-15,,,
NETC,Discharge,70-80%,-15≤T<-10,-15,,,
NETC,Discharge,80-90%,-15≤T<-10,-15,,,
NETC,Discharge,90-100%,-15≤T<-10,-15,,,
NETC,Discharge,0-10%,-10≤T<-5,-10,,,
NETC,Discharge,10-20%,-10≤T<-5,-10,,,
NETC,Discharge,20-30%,-10≤T<-5,-10,,,
NETC,Discharge,30-40%,-10≤T<-5,-10,,,
NETC,Discharge,40-50%,-10≤T<-5,-10,,,
NETC,Discharge,50-60%,-10≤T<-5,-10,,,
NETC,Discharge,60-70%,-10≤T<-5,-10,,,
NETC,Discharge,70-80%,-10≤T<-5,-10,,,
NETC,Discharge,80-90%,-10≤T<-5,-10,,,
NETC,Discharge,90-100%,-10≤T<-5,-10,,,
NETC,Discharge,0-10%,-5≤T<0,-5,,,
NETC,Discharge,10-20%,-5≤T<0,-5,,,
NETC,Discharge,20-30%,-5≤T<0,-5,,,
NETC,Discharge,30-40%,-5≤T<0,-5,,,
NETC,Discharge,40-50%,-5≤T<0,-5,,,
NETC,Discharge,50-60%,-5≤T<0,-5,,,
NETC,Discharge,60-70%,-5≤T<0,-5,,,
NETC,Discharge,70-80%,-5≤T<0,-5,,,
NETC,Discharge,80-90%,-5≤T<0,-5,,,
NETC,Discharge,90-100%,-5≤T<0,-5,,,
NETC,Discharge,0-10%,0≤T<5,0,,,
NETC,Discharge,10-20%,0≤T<5,0,,,
NETC,Discharge,20-30%,0≤T<5,0,,,
NETC,Discharge,30-40%,0≤T<5,0,,,
NETC,Discharge,40-50%,0≤T<5,0,,,
NETC,Discharge,50-60%,0≤T<5,0,,,
NETC,Discharge,60-70%,0≤T<5,0,,,
NETC,Discharge,70-80%,0≤T<5,0,,,
NETC,Discharge,80-90%,0≤T<5,0,,,
NETC,Discharge,90-100%,0≤T<5,0,,,
NETC,Discharge,0-10%,5<T≤10,5,,,
NETC,Discharge,10-20%,5<T≤10,5,,,
NETC,Discharge,20-30%,5<T≤10,5,,,
NETC,Discharge,30-40%,5<T≤10,5,,,
NETC,Discharge,40-50%,5<T≤10,5,,,
NETC,Discharge,50-60%,5<T≤10,5,,,
NETC,Discharge,60-70%,5<T≤10,5,,,
NETC,Discharge,70-80%,5<T≤10,5,,,
NETC,Discharge,80-90%,5<T≤10,5,,,
NETC,Discharge,90-100%,5<T≤10,5,,,
NETC,Discharge,0-10%,10<T≤15,10,,,
NETC,Discharge,10-20%,10<T≤15,10,,,
NETC,Discharge,20-30%,10<T≤15,10,,,
NETC,Discharge,30-40%,10<T≤15,10,,,
NETC,Discharge,40-50%,10<T≤15,10,,,
NETC,Discharge,50-60%,10<T≤15,10,,,
NETC,Discharge,60-70%,10<T≤15,10,,,
NETC,Discharge,70-80%,10<T≤15,10,,,
NETC,Discharge,80-90%,10<T≤15,10,,,
NETC,Discharge,90-100%,10<T≤15,10,,,
NETC,Discharge,0-10%,15<T≤20,15,,,
NETC,Discharge,10-20%,15<T≤20,15,,,
NETC,Discharge,20-30%,15<T≤20,15,,,
NETC,Discharge,30-40%,15<T≤20,15,,,
NETC,Discharge,40-50%,15<T≤20,15,,,
NETC,Discharge,50-60%,15<T≤20,15,,,
NETC,Discharge,60-70%,15<T≤20,15,,,
NETC,Discharge,70-80%,15<T≤20,15,,,
NETC,Discharge,80-90%,15<T≤20,15,,,
NETC,Discharge,90-100%,15<T≤20,15,,,
NETC,Discharge,0-10%,20<T≤25,20,,,
NETC,Discharge,10-20%,20<T≤25,20,,,
NETC,Discharge,20-30%,20<T≤25,20,,,
NETC,Discharge,30-40%,20<T≤25,20,,,
NETC,Discharge,40-50%,20<T≤25,20,,,
NETC,Discharge,50-60%,20<T≤25,20,,,
NETC,Discharge,60-70%,20<T≤25,20,,,
NETC,Discharge,70-80%,20<T≤25,20,,,
NETC,Discharge,80-90%,20<T≤25,20,,,
NETC,Discharge,90-100%,20<T≤25,20,,,
NETC,Discharge,0-10%,25<T≤30,25,,,
NETC,Discharge,10-20%,25<T≤30,25,,,
NETC,Discharge,20-30%,25<T≤30,25,,,
NETC,Discharge,30-40%,25<T≤30,25,,,
NETC,Discharge,40-50%,25<T≤30,25,,,
NETC,Discharge,50-60%,25<T≤30,25,,,
NETC,Discharge,60-70%,25<T≤30,25,,,
NETC,Discharge,70-80%,25<T≤30,25,,,
NETC,Discharge,80-90%,25<T≤30,25,,,
NETC,Discharge,90-100%,25<T≤30,25,,,
NETC,Discharge,0-10%,30<T≤35,30,,,
NETC,Discharge,10-20%,30<T≤35,30,,,
NETC,Discharge,20-30%,30<T≤35,30,,,
NETC,Discharge,30-40%,30<T≤35,30,,,
NETC,Discharge,40-50%,30<T≤35,30,,,
NETC,Discharge,50-60%,30<T≤35,30,,,
NETC,Discharge,60-70%,30<T≤35,30,,,
NETC,Discharge,70-80%,30<T≤35,30,,,
NETC,Discharge,80-90%,30<T≤35,30,,,
NETC,Discharge,90-100%,30<T≤35,30,,,
NETC,Discharge,0-10%,35<T≤40,35,,,
NETC,Discharge,10-20%,35<T≤40,35,,,
NETC,Discharge,20-30%,35<T≤40,35,,,
NETC,Discharge,30-40%,35<T≤40,35,,,
NETC,Discharge,40-50%,35<T≤40,35,,,
NETC,Discharge,50-60%,35<T≤40,35,,,
NETC,Discharge,60-70%,35<T≤40,35,,,
NETC,Discharge,70-80%,35<T≤40,35,,,
NETC,Discharge,80-90%,35<T≤40,35,,,
NETC,Discharge,90-100%,35<T≤40,35,,,
NETC,Discharge,0-10%,40<T≤45,40,,,
NETC,Discharge,10-20%,40<T≤45,40,,,
NETC,Discharge,20-30%,40<T≤45,40,,,
NETC,Discharge,30-40%,40<T≤45,40,,,
NETC,Discharge,40-50%,40<T≤45,40,,,
NETC,Discharge,50-60%,40<T≤45,40,,,
NETC,Discharge,60-70%,40<T≤45,40,,,
NETC,Discharge,70-80%,40<T≤45,40,,,
NETC,Discharge,80-90%,40<T≤45,40,,,
NETC,Discharge,90-100%,40<T≤45,40,,,
NETC,Discharge,0-10%,45<T≤50,45,,,
NETC,Discharge,10-20%,45<T≤50,45,,,
NETC,Discharge,20-30%,45<T≤50,45,,,
NETC,Discharge,30-40%,45<T≤50,45,,,
NETC,Discharge,40-50%,45<T≤50,45,,,
NETC,Discharge,50-60%,45<T≤50,45,,,
NETC,Discharge,60-70%,45<T≤50,45,,,
NETC,Discharge,70-80%,45<T≤50,45,,,
NETC,Discharge,80-90%,45<T≤50,45,,,
NETC,Discharge,90-100%,45<T≤50,45,,,
NETC,Discharge,0-10%,50<T≤55,50,,,
NETC,Discharge,10-20%,50<T≤55,50,,,
NETC,Discharge,20-30%,50<T≤55,50,,,
NETC,Discharge,30-40%,50<T≤55,50,,,
NETC,Discharge,40-50%,50<T≤55,50,,,
NETC,Discharge,50-60%,50<T≤55,50,,,
NETC,Discharge,60-70%,50<T≤55,50,,,
NETC,Discharge,70-80%,50<T≤55,50,,,
NETC,Discharge,80-90%,50<T≤55,50,,,
NETC,Discharge,90-100%,50<T≤55,50,,,
NETC,Discharge,0-10%,55<T≤60,55,,,
NETC,Discharge,10-20%,55<T≤60,55,,,
NETC,Discharge,20-30%,55<T≤60,55,,,
NETC,Discharge,30-40%,55<T≤60,55,,,
NETC,Discharge,40-50%,55<T≤60,55,,,
NETC,Discharge,50-60%,55<T≤60,55,,,
NETC,Discharge,60-70%,55<T≤60,55,,,
NETC,Discharge,70-80%,55<T≤60,55,,,
NETC,Discharge,80-90%,55<T≤60,55,,,
NETC,Discharge,90-100%,55<T≤60,55,,,
CNET - Lishen,Charge,0-10%,T≤0,0,,,
CNET - Lishen,Charge,10-20%,T≤0,0,,,
CNET - Lishen,Charge,20-30%,T≤0,0,,,
CNET - Lishen,Charge,30-40%,T≤0,0,,,
CNET - Lishen,Charge,40-50%,T≤0,0,,,
CNET - Lishen,Charge,50-60%,T≤0,0,,,
CNET - Lishen,Charge,60-70%,T≤0,0,,,
CNET - Lishen,Charge,70-80%,T≤0,0,,,
CNET - Lishen,Charge,80-90%,T≤0,0,,,
CNET - Lishen,Charge,90-95%,T≤0,0,,,
CNET - Lishen,Charge,95-100%,T≤0,0,,,
CNET - Lishen,Charge,0-10%,0<T≤5,0,,,
CNET - Lishen,Charge,10-20%,0<T≤5,0,,,
CNET - Lishen,Charge,20-30%,0<T≤5,0,,,
CNET - Lishen,Charge,30-40%,0<T≤5,0,,,
CNET - Lishen,Charge,40-50%,0<T≤5,0,,,
CNET - Lishen,Charge,50-60%,0<T≤5,0,,,
CNET - Lishen,Charge,60-70%,0<T≤5,0,,,
CNET - Lishen,Charge,70-80%,0<T≤5,0,,,
CNET - Lishen,Charge,80-90%,0<T≤5,0,,,
CNET - Lishen,Charge,90-95%,0<T≤5,0,,,
CNET - Lishen,Charge,95-100%,0<T≤5,0,,,
CNET - Lishen,Charge,0-10%,5<T≤10,5,,,
CNET - Lishen,Charge,10-20%,5<T≤10,5,,,
CNET - Lishen,Charge,20-30%,5<T≤10,5,,,
CNET - Lishen,Charge,30-40%,5<T≤10,5,,,
CNET - Lishen,Charge,40-50%,5<T≤10,5,,,
CNET - Lishen,Charge,50-60%,5<T≤10,5,,,
CNET - Lishen,Charge,60-70%,5<T≤10,5,,,
CNET - Lishen,Charge,70-80%,5<T≤10,5,,,
CNET - Lishen,Charge,80-90%,5<T≤10,5,,,
CNET - Lishen,Charge,90-95%,5<T≤10,5,,,
CNET - Lishen,Charge,95-100%,5<T≤10,5,,,
CNET - Lishen,Charge,0-10%,10<T≤15,10,,,
CNET - Lishen,Charge,10-20%,10<T≤15,10,,,
CNET - Lishen,Charge,20-30%,10<T≤15,10,,,
CNET - Lishen,Charge,30-40%,10<T≤15,10,,,
CNET - Lishen,Charge,40-50%,10<T≤15,10,,,
CNET - Lishen,Charge,50-60%,10<T≤15,10,,,
CNET - Lishen,Charge,60-70%,10<T≤15,10,,,
CNET - Lishen,Charge,70-80%,10<T≤15,10,,,
CNET - Lishen,Charge,80-90%,10<T≤15,10,,,
CNET - Lishen,Charge,90-95%,10<T≤15,10,,,
CNET - Lishen,Charge,95-100%,10<T≤15,10,,,
CNET - Lishen,Charge,0-10%,15<T≤20,15,,,
CNET - Lishen,Charge,10-20%,15<T≤20,15,,,
CNET - Lishen,Charge,20-30%,15<T≤20,15,,,
CNET - Lishen,Charge,30-40%,15<T≤20,15,,,
CNET - Lishen,Charge,40-50%,15<T≤20,15,,,
CNET - Lishen,Charge,50-60%,15<T≤20,15,,,
CNET - Lishen,Charge,60-70%,15<T≤20,15,,,
CNET - Lishen,Charge,70-80%,15<T≤20,15,,,
CNET - Lishen,Charge,80-90%,15<T≤20,15,,,
CNET - Lishen,Charge,90-95%,15<T≤20,15,,,
CNET - Lishen,Charge,95-100%,15<T≤20,15,,,
CNET - Lishen,Charge,0-10%,20<T≤25,20,,,
CNET - Lishen,Charge,10-20%,20<T≤25,20,,,
CNET - Lishen,Charge,20-30%,20<T≤25,20,,,
CNET - Lishen,Charge,30-40%,20<T≤25,20,,,
CNET - Lishen,Charge,40-50%,20<T≤25,20,,,
CNET - Lishen,Charge,50-60%,20<T≤25,20,,,
CNET - Lishen,Charge,60-70%,20<T≤25,20,,,
CNET - Lishen,Charge,70-80%,20<T≤25,20,,,
CNET - Lishen,Charge,80-90%,20<T≤25,20,,,
CNET - Lishen,Charge,90-95%,20<T≤25,20,,,
CNET - Lishen,Charge,95-100%,20<T≤25,20,,,
CNET - Lishen,Charge,0-10%,25<T≤30,25,,,
CNET - Lishen,Charge,10-20%,25<T≤30,25,,,
CNET - Lishen,Charge,20-30%,25<T≤30,25,,,
CNET - Lishen,Charge,30-40%,25<T≤30,25,,,
CNET - Lishen,Charge,40-50%,25<T≤30,25,,,
CNET - Lishen,Charge,50-60%,25<T≤30,25,,,
CNET - Lishen,Charge,60-70%,25<T≤30,25,,,
CNET - Lishen,Charge,70-80%,25<T≤30,25,,,
CNET - Lishen,Charge,80-90%,25<T≤30,25,,,
CNET - Lishen,Charge,90-95%,25<T≤30,25,,,
CNET - Lishen,Charge,95-100%,25<T≤30,25,,,
CNET - Lishen,Charge,0-10%,30<T≤35,30,,,
CNET - Lishen,Charge,10-20%,30<T≤35,30,,,
CNET - Lishen,Charge,20-30%,30<T≤35,30,,,
CNET - Lishen,Charge,30-40%,30<T≤35,30,,,
CNET - Lishen,Charge,40-50%,30<T≤35,30,,,
CNET - Lishen,Charge,50-60%,30<T≤35,30,,,
CNET - Lishen,Charge,60-70%,30<T≤35,30,,,
CNET - Lishen,Charge,70-80%,30<T≤35,30,,,
CNET - Lishen,Charge,80-90%,30<T≤35,30,,,
CNET - Lishen,Charge,90-95%,30<T≤35,30,,,
CNET - Lishen,Charge,95-100%,30<T≤35,30,,,
CNET - Lishen,Charge,0-10%,35<T≤40,35,,,
CNET - Lishen,Charge,10-20%,35<T≤40,35,,,
CNET - Lishen,Charge,20-30%,35<T≤40,35,,,
CNET - Lishen,Charge,30-40%,35<T≤40,35,,,
CNET - Lishen,Charge,40-50%,35<T≤40,35,,,
CNET - Lishen,Charge,50-60%,35<T≤40,35,,,
CNET - Lishen,Charge,60-70%,35<T≤40,35,,,
CNET - Lishen,Charge,70-80%,35<T≤40,35,,,
CNET - Lishen,Charge,80-90%,35<T≤40,35,,,
CNET - Lishen,Charge,90-95%,35<T≤40,35,,,
CNET - Lishen,Charge,95-100%,35<T≤40,35,,,
CNET - Lishen,Charge,0-10%,40<T≤45,40,,,
CNET - Lishen,Charge,10-20%,40<T≤45,40,,,
CNET - Lishen,Charge,20-30%,40<T≤45,40,,,
CNET - Lishen,Charge,30-40%,40<T≤45,40,,,
CNET - Lishen,Charge,40-50%,40<T≤45,40,,,
CNET - Lishen,Charge,50-60%,40<T≤45,40,,,
CNET - Lishen,Charge,60-70%,40<T≤45,40,,,
CNET - Lishen,Charge,70-80%,40<T≤45,40,,,
CNET - Lishen,Charge,80-90%,40<T≤45,40,,,
CNET - Lishen,Charge,90-95%,40<T≤45,40,,,
CNET - Lishen,Charge,95-100%,40<T≤45,40,,,
CNET - Lishen,Charge,0-10%,45<T≤50,45,,,
CNET - Lishen,Charge,10-20%,45<T≤50,45,,,
CNET - Lishen,Charge,20-30%,45<T≤50,45,,,
CNET - Lishen,Charge,30-40%,45<T≤50,45,,,
CNET - Lishen,Charge,40-50%,45<T≤50,45,,,
CNET - Lishen,Charge,50-60%,45<T≤50,45,,,
CNET - Lishen,Charge,60-70%,45<T≤50,45,,,
CNET - Lishen,Charge,70-80%,45<T≤50,45,,,
CNET - Lishen,Charge,80-90%,45<T≤50,45,,,
CNET - Lishen,Charge,90-95%,45<T≤50,45,,,
CNET - Lishen,Charge,95-100%,45<T≤50,45,,,
CNET - Lishen,Charge,0-10%,50<T≤55,50,,,
CNET - Lishen,Charge,10-20%,50<T≤55,50,,,
CNET - Lishen,Charge,20-30%,50<T≤55,50,,,
CNET - Lishen,Charge,30-40%,50<T≤55,50,,,
CNET - Lishen,Charge,40-50%,50<T≤55,50,,,
CNET - Lishen,Charge,50-60%,50<T≤55,50,,,
CNET - Lishen,Charge,60-70%,50<T≤55,50,,,
CNET - Lishen,Charge,70-80%,50<T≤55,50,,,
CNET - Lishen,Charge,80-90%,50<T≤55,50,,,
CNET - Lishen,Charge,90-95%,50<T≤55,50,,,
CNET - Lishen,Charge,95-100%,50<T≤55,50,,,
CNET - Lishen,Charge,0-10%,55<T≤60,55,,,
CNET - Lishen,Charge,10-20%,55<T≤60,55,,,
CNET - Lishen,Charge,20-30%,55<T≤60,55,,,
CNET - Lishen,Charge,30-40%,55<T≤60,55,,,
CNET - Lishen,Charge,40-50%,55<T≤60,55,,,
CNET - Lishen,Charge,50-60%,55<T≤60,55,,,
CNET - Lishen,Charge,60-70%,55<T≤60,55,,,
CNET - Lishen,Charge,70-80%,55<T≤60,55,,,
CNET - Lishen,Charge,80-90%,55<T≤60,55,,,
CNET - Lishen,Charge,90-95%,55<T≤60,55,,,
CNET - Lishen,Charge,95-100%,55<T≤60,55,,,
CNET - Lishen,Discharge,0-10%,-30≤T<-25,-30,,,
CNET - Lishen,Discharge,10-20%,-30≤T<-25,-30,,,
CNET - Lishen,Discharge,20-30%,-30≤T<-25,-30,,,
CNET - Lishen,Discharge,30-40%,-30≤T<-25,-30,,,
CNET - Lishen,Discharge,40-50%,-30≤T<-25,-30,,,
CNET - Lishen,Discharge,50-60%,-30≤T<-25,-30,,,
CNET - Lishen,Discharge,60-70%,-30≤T<-25,-30,,,
CNET - Lishen,Discharge,70-80%,-30≤T<-25,-30,,,
CNET - Lishen,Discharge,80-90%,-30≤T<-25,-30,,,
CNET - Lishen,Discharge,90-100%,-30≤T<-25,-30,,,
CNET - Lishen,Discharge,0-10%,-25≤T<-20,-25,,,
CNET - Lishen,Discharge,10-20%,-25≤T<-20,-25,,,
CNET - Lishen,Discharge,20-30%,-25≤T<-20,-25,,,
CNET - Lishen,Discharge,30-40%,-25≤T<-20,-25,,,
CNET - Lishen,Discharge,40-50%,-25≤T<-20,-25,,,
CNET - Lishen,Discharge,50-60%,-25≤T<-20,-25,,,
CNET - Lishen,Discharge,60-70%,-25≤T<-20,-25,,,
CNET - Lishen,Discharge,70-80%,-25≤T<-20,-25,,,
CNET - Lishen,Discharge,80-90%,-25≤T<-20,-25,,,
CNET - Lishen,Discharge,90-100%,-25≤T<-20,-25,,,
CNET - Lishen,Discharge,0-10%,-20≤T<-15,-20,,,
CNET - Lishen,Discharge,10-20%,-20≤T<-15,-20,,,
CNET - Lishen,Discharge,20-30%,-20≤T<-15,-20,,,
CNET - Lishen,Discharge,30-40%,-20≤T<-15,-20,,,
CNET - Lishen,Discharge,40-50%,-20≤T<-15,-20,,,
CNET - Lishen,Discharge,50-60%,-20≤T<-15,-20,,,
CNET - Lishen,Discharge,60-70%,-20≤T<-15,-20,,,
CNET - Lishen,Discharge,70-80%,-20≤T<-15,-20,,,
CNET - Lishen,Discharge,80-90%,-20≤T<-15,-20,,,
CNET - Lishen,Discharge,90-100%,-20≤T<-15,-20,,,
CNET - Lishen,Discharge,0-10%,-15≤T<-10,-15,,,
CNET - Lishen,Discharge,10-20%,-15≤T<-10,-15,,,
CNET - Lishen,Discharge,20-30%,-15≤T<-10,-15,,,
CNET - Lishen,Discharge,30-40%,-15≤T<-10,-15,,,
CNET - Lishen,Discharge,40-50%,-15≤T<-10,-15,,,
CNET - Lishen,Discharge,50-60%,-15≤T<-10,-15,,,
CNET - Lishen,Discharge,60-70%,-15≤T<-10,-15,,,
CNET - Lishen,Discharge,70-80%,-15≤T<-10,-15,,,
CNET - Lishen,Discharge,80-90%,-15≤T<-10,-15,,,
CNET - Lishen,Discharge,90-100%,-15≤T<-10,-15,,,
CNET - Lishen,Discharge,0-10%,-10≤T<-5,-10,,,
CNET - Lishen,Discharge,10-20%,-10≤T<-5,-10,,,
CNET - Lishen,Discharge,20-30%,-10≤T<-5,-10,,,
CNET - Lishen,Discharge,30-40%,-10≤T<-5,-10,,,
CNET - Lishen,Discharge,40-50%,-10≤T<-5,-10,,,
CNET - Lishen,Discharge,50-60%,-10≤T<-5,-10,,,
CNET - Lishen,Discharge,60-70%,-10≤T<-5,-10,,,
CNET - Lishen,Discharge,70-80%,-10≤T<-5,-10,,,
CNET - Lishen,Discharge,80-90%,-10≤T<-5,-10,,,
CNET - Lishen,Discharge,90-100%,-10≤T<-5,-10,,,
CNET - Lishen,Discharge,0-10%,-5≤T<0,-5,,,
CNET - Lishen,Discharge,10-20%,-5≤T<0,-5,,,
CNET - Lishen,Discharge,20-30%,-5≤T<0,-5,,,
CNET - Lishen,Discharge,30-40%,-5≤T<0,-5,,,
CNET - Lishen,Discharge,40-50%,-5≤T<0,-5,,,
CNET - Lishen,Discharge,50-60%,-5≤T<0,-5,,,
CNET - Lishen,Discharge,60-70%,-5≤T<0,-5,,,
CNET - Lishen,Discharge,70-80%,-5≤T<0,-5,,,
CNET - Lishen,Discharge,80-90%,-5≤T<0,-5,,,
CNET - Lishen,Discharge,90-100%,-5≤T<0,-5,,,
CNET - Lishen,Discharge,0-10%,0≤T<5,0,,,
CNET - Lishen,Discharge,10-20%,0≤T<5,0,,,
CNET - Lishen,Discharge,20-30%,0≤T<5,0,,,
CNET - Lishen,Discharge,30-40%,0≤T<5,0,,,
CNET - Lishen,Discharge,40-50%,0≤T<5,0,,,
CNET - Lishen,Discharge,50-60%,0≤T<5,0,,,
CNET - Lishen,Discharge,60-70%,0≤T<5,0,,,
CNET - Lishen,Discharge,70-80%,0≤T<5,0,,,
CNET - Lishen,Discharge,80-90%,0≤T<5,0,,,
CNET - Lishen,Discharge,90-100%,0≤T<5,0,,,
CNET - Lishen,Discharge,0-10%,5<T≤10,5,,,
CNET - Lishen,Discharge,10-20%,5<T≤10,5,,,
CNET - Lishen,Discharge,20-30%,5<T≤10,5,,,
CNET - Lishen,Discharge,30-40%,5<T≤10,5,,,
CNET - Lishen,Discharge,40-50%,5<T≤10,5,,,
CNET - Lishen,Discharge,50-60%,5<T≤10,5,,,
CNET - Lishen,Discharge,60-70%,5<T≤10,5,,,
CNET - Lishen,Discharge,70-80%,5<T≤10,5,,,
CNET - Lishen,Discharge,80-90%,5<T≤10,5,,,
CNET - Lishen,Discharge,90-100%,5<T≤10,5,,,
CNET - Lishen,Discharge,0-10%,10<T≤15,10,,,
CNET - Lishen,Discharge,10-20%,10<T≤15,10,,,
CNET - Lishen,Discharge,20-30%,10<T≤15,10,,,
CNET - Lishen,Discharge,30-40%,10<T≤15,10,,,
CNET - Lishen,Discharge,40-50%,10<T≤15,10,,,
CNET - Lishen,Discharge,50-60%,10<T≤15,10,,,
CNET - Lishen,Discharge,60-70%,10<T≤15,10,,,
CNET - Lishen,Discharge,70-80%,10<T≤15,10,,,
CNET - Lishen,Discharge,80-90%,10<T≤15,10,,,
CNET - Lishen,Discharge,90-100%,10<T≤15,10,,,
CNET - Lishen,Discharge,0-10%,15<T≤20,15,,,
CNET - Lishen,Discharge,10-20%,15<T≤20,15,,,
CNET - Lishen,Discharge,20-30%,15<T≤20,15,,,
CNET - Lishen,Discharge,30-40%,15<T≤20,15,,,
CNET - Lishen,Discharge,40-50%,15<T≤20,15,,,
CNET - Lishen,Discharge,50-60%,15<T≤20,15,,,
CNET - Lishen,Discharge,60-70%,15<T≤20,15,,,
CNET - Lishen,Discharge,70-80%,15<T≤20,15,,,
CNET - Lishen,Discharge,80-90%,15<T≤20,15,,,
CNET - Lishen,Discharge,90-100%,15<T≤20,15,,,
CNET - Lishen,Discharge,0-10%,20<T≤25,20,,,
CNET - Lishen,Discharge,10-20%,20<T≤25,20,,,
CNET - Lishen,Discharge,20-30%,20<T≤25,20,,,
CNET - Lishen,Discharge,30-40%,20<T≤25,20,,,
CNET - Lishen,Discharge,40-50%,20<T≤25,20,,,
CNET - Lishen,Discharge,50-60%,20<T≤25,20,,,
CNET - Lishen,Discharge,60-70%,20<T≤25,20,,,
CNET - Lishen,Discharge,70-80%,20<T≤25,20,,,
CNET - Lishen,Discharge,80-90%,20<T≤25,20,,,
CNET - Lishen,Discharge,90-100%,20<T≤25,20,,,
CNET - Lishen,Discharge,0-10%,25<T≤30,25,,,
CNET - Lishen,Discharge,10-20%,25<T≤30,25,,,
CNET - Lishen,Discharge,20-30%,25<T≤30,25,,,
CNET - Lishen,Discharge,30-40%,25<T≤30,25,,,
CNET - Lishen,Discharge,40-50%,25<T≤30,25,,,
CNET - Lishen,Discharge,50-60%,25<T≤30,25,,,
CNET - Lishen,Discharge,60-70%,25<T≤30,25,,,
CNET - Lishen,Discharge,70-80%,25<T≤30,25,,,
CNET - Lishen,Discharge,80-90%,25<T≤30,25,,,
CNET - Lishen,Discharge,90-100%,25<T≤30,25,,,
CNET - Lishen,Discharge,0-10%,30<T≤35,30,,,
CNET - Lishen,Discharge,10-20%,30<T≤35,30,,,
CNET - Lishen,Discharge,20-30%,30<T≤35,30,,,
CNET - Lishen,Discharge,30-40%,30<T≤35,30,,,
CNET - Lishen,Discharge,40-50%,30<T≤35,30,,,
CNET - Lishen,Discharge,50-60%,30<T≤35,30,,,
CNET - Lishen,Discharge,60-70%,30<T≤35,30,,,
CNET - Lishen,Discharge,70-80%,30<T≤35,30,,,
CNET - Lishen,Discharge,80-90%,30<T≤35,30,,,
CNET - Lishen,Discharge,90-100%,30<T≤35,30,,,
CNET - Lishen,Discharge,0-10%,35<T≤40,35,,,
CNET - Lishen,Discharge,10-20%,35<T≤40,35,,,
CNET - Lishen,Discharge,20-30%,35<T≤40,35,,,
CNET - Lishen,Discharge,30-40%,35<T≤40,35,,,
CNET - Lishen,Discharge,40-50%,35<T≤40,35,,,
CNET - Lishen,Discharge,50-60%,35<T≤40,35,,,
CNET - Lishen,Discharge,60-70%,35<T≤40,35,,,
CNET - Lishen,Discharge,70-80%,35<T≤40,35,,,
CNET - Lishen,Discharge,80-90%,35<T≤40,35,,,
CNET - Lishen,Discharge,90-100%,35<T≤40,35,,,
CNET - Lishen,Discharge,0-10%,40<T≤45,40,,,
CNET - Lishen,Discharge,10-20%,40<T≤45,40,,,
CNET - Lishen,Discharge,20-30%,40<T≤45,40,,,
CNET - Lishen,Discharge,30-40%,40<T≤45,40,,,
CNET - Lishen,Discharge,40-50%,40<T≤45,40,,,
CNET - Lishen,Discharge,50-60%,40<T≤45,40,,,
CNET - Lishen,Discharge,60-70%,40<T≤45,40,,,
CNET - Lishen,Discharge,70-80%,40<T≤45,40,,,
CNET - Lishen,Discharge,80-90%,40<T≤45,40,,,
CNET - Lishen,Discharge,90-100%,40<T≤45,40,,,
CNET - Lishen,Discharge,0-10%,45<T≤50,45,,,
CNET - Lishen,Discharge,10-20%,45<T≤50,45,,,
CNET - Lishen,Discharge,20-30%,45<T≤50,45,,,
CNET - Lishen,Discharge,30-40%,45<T≤50,45,,,
CNET - Lishen,Discharge,40-50%,45<T≤50,45,,,
CNET - Lishen,Discharge,50-60%,45<T≤50,45,,,
CNET - Lishen,Discharge,60-70%,45<T≤50,45,,,
CNET - Lishen,Discharge,70-80%,45<T≤50,45,,,
CNET - Lishen,Discharge,80-90%,45<T≤50,45,,,
CNET - Lishen,Discharge,90-100%,45<T≤50,45,,,
CNET - Lishen,Discharge,0-10%,50<T≤55,50,,,
CNET - Lishen,Discharge,10-20%,50<T≤55,50,,,
CNET - Lishen,Discharge,20-30%,50<T≤55,50,,,
CNET - Lishen,Discharge,30-40%,50<T≤55,50,,,
CNET - Lishen,Discharge,40-50%,50<T≤55,50,,,
CNET - Lishen,Discharge,50-60%,50<T≤55,50,,,
CNET - Lishen,Discharge,60-70%,50<T≤55,50,,,
CNET - Lishen,Discharge,70-80%,50<T≤55,50,,,
CNET - Lishen,Discharge,80-90%,50<T≤55,50,,,
CNET - Lishen,Discharge,90-100%,50<T≤55,50,,,
CNET - Lishen,Discharge,0-10%,55<T≤60,55,,,
CNET - Lishen,Discharge,10-20%,55<T≤60,55,,,
CNET - Lishen,Discharge,20-30%,55<T≤60,55,,,
CNET - Lishen,Discharge,30-40%,55<T≤60,55,,,
CNET - Lishen,Discharge,40-50%,55<T≤60,55,,,
CNET - Lishen,Discharge,50-60%,55<T≤60,55,,,
CNET - Lishen,Discharge,60-70%,55<T≤60,55,,,
CNET - Lishen,Discharge,70-80%,55<T≤60,55,,,
CNET - Lishen,Discharge,80-90%,55<T≤60,55,,,
CNET - Lishen,Discharge,90-100%,55<T≤60,55,,,
Gotion,Charge,0-10%,T≤0,0,0,,
Gotion,Charge,10-20%,T≤0,0,0,,
Gotion,Charge,20-30%,T≤0,0,0,,
Gotion,Charge,30-40%,T≤0,0,0,,
Gotion,Charge,40-50%,T≤0,0,0,,
Gotion,Charge,50-60%,T≤0,0,0,,
Gotion,Charge,60-70%,T≤0,0,0,,
Gotion,Charge,70-80%,T≤0,0,0,,
Gotion,Charge,80-90%,T≤0,0,0,,
Gotion,Charge,90-95%,T≤0,0,0,,
Gotion,Charge,95-100%,T≤0,0,0,,
Gotion,Charge,0-10%,0<T≤5,0,0.2,,
Gotion,Charge,10-20%,0<T≤5,0,0.2,,
Gotion,Charge,20-30%,0<T≤5,0,0.2,,
Gotion,Charge,30-40%,0<T≤5,0,0.15,,
Gotion,Charge,40-50%,0<T≤5,0,0.15,,
Gotion,Charge,50-60%,0<T≤5,0,0.15,,
Gotion,Charge,60-70%,0<T≤5,0,0.15,,
Gotion,Charge,70-80%,0<T≤5,0,0.15,,
Gotion,Charge,80-90%,0<T≤5,0,0.05,,
Gotion,Charge,90-95%,0<T≤5,0,0.05,,
Gotion,Charge,95-100%,0<T≤5,0,0.05,,
Gotion,Charge,0-10%,5<T≤10,5,0.25,,
Gotion,Charge,10-20%,5<T≤10,5,0.25,,
Gotion,Charge,20-30%,5<T≤10,5,0.25,,
Gotion,Charge,30-40%,5<T≤10,5,0.25,,
Gotion,Charge,40-50%,5<T≤10,5,0.25,,
Gotion,Charge,50-60%,5<T≤10,5,0.25,,
Gotion,Charge,60-70%,5<T≤10,5,0.15,,
Gotion,Charge,70-80%,5<T≤10,5,0.15,,
Gotion,Charge,80-90%,5<T≤10,5,0.1,,
Gotion,Charge,90-95%,5<T≤10,5,0.1,,
Gotion,Charge,95-100%,5<T≤10,5,0.1,,
Gotion,Charge,0-10%,10<T≤15,10,0.33,,
Gotion,Charge,10-20%,10<T≤15,10,0.33,,
Gotion,Charge,20-30%,10<T≤15,10,0.33,,
Gotion,Charge,30-40%,10<T≤15,10,0.33,,
Gotion,Charge,40-50%,10<T≤15,10,0.33,,
Gotion,Charge,50-60%,10<T≤15,10,0.33,,
Gotion,Charge,60-70%,10<T≤15,10,0.25,,
Gotion,Charge,70-80%,10<T≤15,10,0.25,,
Gotion,Charge,80-90%,10<T≤15,10,0.15,,
Gotion,Charge,90-95%,10<T≤15,10,0.15,,
Gotion,Charge,95-100%,10<T≤15,10,0.15,,
Gotion,Charge,0-10%,15<T≤20,15,0.33,,
Gotion,Charge,10-20%,15<T≤20,15,0.33,,
Gotion,Charge,20-30%,15<T≤20,15,0.33,,
Gotion,Charge,30-40%,15<T≤20,15,0.33,,
Gotion,Charge,40-50%,15<T≤20,15,0.33,,
Gotion,Charge,50-60%,15<T≤20,15,0.33,,
Gotion,Charge,60-70%,15<T≤20,15,0.33,,
Gotion,Charge,70-80%,15<T≤20,15,0.33,,
Gotion,Charge,80-90%,15<T≤20,15,0.33,,
Gotion,Charge,90-95%,15<T≤20,15,0.33,,
Gotion,Charge,95-100%,15<T≤20,15,0.33,,
Gotion,Charge,0-10%,20<T≤25,20,0.5,,
Gotion,Charge,10-20%,20<T≤25,20,0.5,,
Gotion,Charge,20-30%,20<T≤25,20,0.5,,
Gotion,Charge,30-40%,20<T≤25,20,0.5,,
Gotion,Charge,40-50%,20<T≤25,20,0.5,,
Gotion,Charge,50-60%,20<T≤25,20,0.5,,
Gotion,Charge,60-70%,20<T≤25,20,0.5,,
Gotion,Charge,70-80%,20<T≤25,20,0.5,,
Gotion,Charge,80-90%,20<T≤25,20,0.5,,
Gotion,Charge,90-95%,20<T≤25,20,0.5,,
Gotion,Charge,95-100%,20<T≤25,20,0.5,,
Gotion,Charge,0-10%,25<T≤30,25,0.5,,
Gotion,Charge,10-20%,25<T≤30,25,0.5,,
Gotion,Charge,20-30%,25<T≤30,25,0.5,,
Gotion,Charge,30-40%,25<T≤30,25,0.5,,
Gotion,Charge,40-50%,25<T≤30,25,0.5,,
Gotion,Charge,50-60%,25<T≤30,25,0.5,,
Gotion,Charge,60-70%,25<T≤30,25,0.5,,
Gotion,Charge,70-80%,25<T≤30,25,0.5,,
Gotion,Charge,80-90%,25<T≤30,25,0.5,,
Gotion,Charge,90-95%,25<T≤30,25,0.5,,
Gotion,Charge,95-100%,25<T≤30,25,0.5,,
Gotion,Charge,0-10%,30<T≤35,30,0.5,,
Gotion,Charge,10-20%,30<T≤35,30,0.5,,
Gotion,Charge,20-30%,30<T≤35,30,0.5,,
Gotion,Charge,30-40%,30<T≤35,30,0.5,,
Gotion,Charge,40-50%,30<T≤35,30,0.5,,
Gotion,Charge,50-60%,30<T≤35,30,0.5,,
Gotion,Charge,60-70%,30<T≤35,30,0.5,,
Gotion,Charge,70-80%,30<T≤35,30,0.5,,
Gotion,Charge,80-90%,30<T≤35,30,0.5,,
Gotion,Charge,90-95%,30<T≤35,30,0.5,,
Gotion,Charge,95-100%,30<T≤35,30,0.5,,
Gotion,Charge,0-10%,35<T≤40,35,0.5,,
Gotion,Charge,10-20%,35<T≤40,35,0.5,,
Gotion,Charge,20-30%,35<T≤40,35,0.5,,
Gotion,Charge,30-40%,35<T≤40,35,0.5,,
Gotion,Charge,40-50%,35<T≤40,35,0.5,,
Gotion,Charge,50-60%,35<T≤40,35,0.5,,
Gotion,Charge,60-70%,35<T≤40,35,0.5,,
Gotion,Charge,70-80%,35<T≤40,35,0.5,,
Gotion,Charge,80-90%,35<T≤40,35,0.5,,
Gotion,Charge,90-95%,35<T≤40,35,0.5,,
Gotion,Charge,95-100%,35<T≤40,35,0.5,,
Gotion,Charge,0-10%,40<T≤45,40,0.5,,
Gotion,Charge,10-20%,40<T≤45,40,0.5,,
Gotion,Charge,20-30%,40<T≤45,40,0.5,,
Gotion,Charge,30-40%,40<T≤45,40,0.5,,
Gotion,Charge,40-50%,40<T≤45,40,0.5,,
Gotion,Charge,50-60%,40<T≤45,40,0.5,,
Gotion,Charge,60-70%,40<T≤45,40,0.5,,
Gotion,Charge,70-80%,40<T≤45,40,0.5,,
Gotion,Charge,80-90%,40<T≤45,40,0.5,,
Gotion,Charge,90-95%,40<T≤45,40,0.5,,
Gotion,Charge,95-100%,40<T≤45,40,0.5,,
Gotion,Charge,0-10%,45<T≤50,45,0.5,,
Gotion,Charge,10-20%,45<T≤50,45,0.5,,
Gotion,Charge,20-30%,45<T≤50,45,0.5,,
Gotion,Charge,30-40%,45<T≤50,45,0.5,,
Gotion,Charge,40-50%,45<T≤50,45,0.5,,
Gotion,Charge,50-60%,45<T≤50,45,0.5,,
Gotion,Charge,60-70%,45<T≤50,45,0.5,,
Gotion,Charge,70-80%,45<T≤50,45,0.5,,
Gotion,Charge,80-90%,45<T≤50,45,0.5,,
Gotion,Charge,90-95%,45<T≤50,45,0.5,,
Gotion,Charge,95-100%,45<T≤50,45,0.5,,
Gotion,Charge,0-10%,50<T≤55,50,0.5,,
Gotion,Charge,10-20%,50<T≤55,50,0.5,,
Gotion,Charge,20-30%,50<T≤55,50,0.5,,
Gotion,Charge,30-40%,50<T≤55,50,0.5,,
Gotion,Charge,40-50%,50<T≤55,50,0.5,,
Gotion,Charge,50-60%,50<T≤55,50,0.5,,
Gotion,Charge,60-70%,50<T≤55,50,0.25,,
Gotion,Charge,70-80%,50<T≤55,50,0.25,,
Gotion,Charge,80-90%,50<T≤55,50,0.25,,
Gotion,Charge,90-95%,50<T≤55,50,0.25,,
Gotion,Charge,95-100%,50<T≤55,50,0.25,,
Gotion,Charge,0-10%,55<T≤60,55,0,,
Gotion,Charge,10-20%,55<T≤60,55,0,,
Gotion,Charge,20-30%,55<T≤60,55,0,,
Gotion,Charge,30-40%,55<T≤60,55,0,,
Gotion,Charge,40-50%,55<T≤60,55,0,,
Gotion,Charge,50-60%,55<T≤60,55,0,,
Gotion,Charge,60-70%,55<T≤60,55,0,,
Gotion,Charge,70-80%,55<T≤60,55,0,,
Gotion,Charge,80-90%,55<T≤60,55,0,,
Gotion,Charge,90-95%,55<T≤60,55,0,,
Gotion,Charge,95-100%,55<T≤60,55,0,,
Gotion,Discharge,0-10%,-30≤T<-25,-30,0.5,,
Gotion,Discharge,10-20%,-30≤T<-25,-30,0.5,,
Gotion,Discharge,20-30%,-30≤T<-25,-30,0.5,,
Gotion,Discharge,30-40%,-30≤T<-25,-30,0.5,,
Gotion,Discharge,40-50%,-30≤T<-25,-30,0.5,,
Gotion,Discharge,50-60%,-30≤T<-25,-30,0.5,,
Gotion,Discharge,60-70%,-30≤T<-25,-30,0.5,,
Gotion,Discharge,70-80%,-30≤T<-25,-30,0.5,,
Gotion,Discharge,80-90%,-30≤T<-25,-30,0.5,,
Gotion,Discharge,90-100%,-30≤T<-25,-30,0.5,,
Gotion,Discharge,0-10%,-25≤T<-20,-25,0.5,,
Gotion,Discharge,10-20%,-25≤T<-20,-25,0.5,,
Gotion,Discharge,20-30%,-25≤T<-20,-25,0.5,,
Gotion,Discharge,30-40%,-25≤T<-20,-25,0.5,,
Gotion,Discharge,40-50%,-25≤T<-20,-25,0.5,,
Gotion,Discharge,50-60%,-25≤T<-20,-25,0.5,,
Gotion,Discharge,60-70%,-25≤T<-20,-25,0.5,,
Gotion,Discharge,70-80%,-25≤T<-20,-25,0.5,,
Gotion,Discharge,80-90%,-25≤T<-20,-25,0.5,,
Gotion,Discharge,90-100%,-25≤T<-20,-25,0.5,,
Gotion,Discharge,0-10%,-20≤T<-15,-20,0.5,,
Gotion,Discharge,10-20%,-20≤T<-15,-20,0.5,,
Gotion,Discharge,20-30%,-20≤T<-15,-20,0.5,,
Gotion,Discharge,30-40%,-20≤T<-15,-20,0.5,,
Gotion,Discharge,40-50%,-20≤T<-15,-20,0.5,,
Gotion,Discharge,50-60%,-20≤T<-15,-20,0.5,,
Gotion,Discharge,60-70%,-20≤T<-15,-20,0.5,,
Gotion,Discharge,70-80%,-20≤T<-15,-20,0.5,,
Gotion,Discharge,80-90%,-20≤T<-15,-20,0.5,,
Gotion,Discharge,90-100%,-20≤T<-15,-20,0.5,,
Gotion,Discharge,0-10%,-15≤T<-10,-15,0.5,,
Gotion,Discharge,10-20%,-15≤T<-10,-15,0.5,,
Gotion,Discharge,20-30%,-15≤T<-10,-15,0.5,,
Gotion,Discharge,30-40%,-15≤T<-10,-15,0.5,,
Gotion,Discharge,40-50%,-15≤T<-10,-15,0.5,,
Gotion,Discharge,50-60%,-15≤T<-10,-15,0.5,,
Gotion,Discharge,60-70%,-15≤T<-10,-15,0.5,,
Gotion,Discharge,70-80%,-15≤T<-10,-15,0.5,,
Gotion,Discharge,80-90%,-15≤T<-10,-15,0.5,,
Gotion,Discharge,90-100%,-15≤T<-10,-15,0.5,,
Gotion,Discharge,0-10%,-10≤T<-5,-10,0.5,,
Gotion,Discharge,10-20%,-10≤T<-5,-10,0.5,,
Gotion,Discharge,20-30%,-10≤T<-5,-10,0.5,,
Gotion,Discharge,30-40%,-10≤T<-5,-10,0.5,,
Gotion,Discharge,40-50%,-10≤T<-5,-10,0.5,,
Gotion,Discharge,50-60%,-10≤T<-5,-10,0.5,,
Gotion,Discharge,60-70%,-10≤T<-5,-10,0.5,,
Gotion,Discharge,70-80%,-10≤T<-5,-10,0.5,,
Gotion,Discharge,80-90%,-10≤T<-5,-10,0.5,,
Gotion,Discharge,90-100%,-10≤T<-5,-10,0.5,,
Gotion,Discharge,0-10%,-5≤T<0,-5,0.5,,
Gotion,Discharge,10-20%,-5≤T<0,-5,0.5,,
Gotion,Discharge,20-30%,-5≤T<0,-5,0.5,,
Gotion,Discharge,30-40%,-5≤T<0,-5,0.5,,
Gotion,Discharge,40-50%,-5≤T<0,-5,0.5,,
Gotion,Discharge,50-60%,-5≤T<0,-5,0.5,,
Gotion,Discharge,60-70%,-5≤T<0,-5,0.5,,
Gotion,Discharge,70-80%,-5≤T<0,-5,0.5,,
Gotion,Discharge,80-90%,-5≤T<0,-5,0.5,,
Gotion,Discharge,90-100%,-5≤T<0,-5,0.5,,
Gotion,Discharge,0-10%,0≤T<5,0,0.5,,
Gotion,Discharge,10-20%,0≤T<5,0,0.5,,
Gotion,Discharge,20-30%,0≤T<5,0,0.5,,
Gotion,Discharge,30-40%,0≤T<5,0,0.5,,
Gotion,Discharge,40-50%,0≤T<5,0,0.5,,
Gotion,Discharge,50-60%,0≤T<5,0,0.5,,
Gotion,Discharge,60-70%,0≤T<5,0,0.5,,
Gotion,Discharge,70-80%,0≤T<5,0,0.5,,
Gotion,Discharge,80-90%,0≤T<5,0,0.5,,
Gotion,Discharge,90-100%,0≤T<5,0,0.5,,
Gotion,Discharge,0-10%,5<T≤10,5,0.5,,
Gotion,Discharge,10-20%,5<T≤10,5,0.5,,
Gotion,Discharge,20-30%,5<T≤10,5,0.5,,
Gotion,Discharge,30-40%,5<T≤10,5,0.5,,
Gotion,Discharge,40-50%,5<T≤10,5,0.5,,
Gotion,Discharge,50-60%,5<T≤10,5,0.5,,
Gotion,Discharge,60-70%,5<T≤10,5,0.5,,
Gotion,Discharge,70-80%,5<T≤10,5,0.5,,
Gotion,Discharge,80-90%,5<T≤10,5,0.5,,
Gotion,Discharge,90-100%,5<T≤10,5,0.5,,
Gotion,Discharge,0-10%,10<T≤15,10,0.5,,
Gotion,Discharge,10-20%,10<T≤15,10,0.5,,
Gotion,Discharge,20-30%,10<T≤15,10,0.5,,
Gotion,Discharge,30-40%,10<T≤15,10,0.5,,
Gotion,Discharge,40-50%,10<T≤15,10,0.5,,
Gotion,Discharge,50-60%,10<T≤15,10,0.5,,
Gotion,Discharge,60-70%,10<T≤15,10,0.5,,
Gotion,Discharge,70-80%,10<T≤15,10,0.5,,
Gotion,Discharge,80-90%,10<T≤15,10,0.5,,
Gotion,Discharge,90-100%,10<T≤15,10,0.5,,
Gotion,Discharge,0-10%,15<T≤20,15,0.5,,
Gotion,Discharge,10-20%,15<T≤20,15,0.5,,
Gotion,Discharge,20-30%,15<T≤20,15,0.5,,
Gotion,Discharge,30-40%,15<T≤20,15,0.5,,
Gotion,Discharge,40-50%,15<T≤20,15,0.5,,
Gotion,Discharge,50-60%,15<T≤20,15,0.5,,
Gotion,Discharge,60-70%,15<T≤20,15,0.5,,
Gotion,Discharge,70-80%,15<T≤20,15,0.5,,
Gotion,Discharge,80-90%,15<T≤20,15,0.5,,
Gotion,Discharge,90-100%,15<T≤20,15,0.5,,
Gotion,Discharge,0-10%,20<T≤25,20,0.5,,
Gotion,Discharge,10-20%,20<T≤25,20,0.5,,
Gotion,Discharge,20-30%,20<T≤25,20,0.5,,
Gotion,Discharge,30-40%,20<T≤25,20,0.5,,
Gotion,Discharge,40-50%,20<T≤25,20,0.5,,
Gotion,Discharge,50-60%,20<T≤25,20,0.5,,
Gotion,Discharge,60-70%,20<T≤25,20,0.5,,
Gotion,Discharge,70-80%,20<T≤25,20,0.5,,
Gotion,Discharge,80-90%,20<T≤25,20,0.5,,
Gotion,Discharge,90-100%,20<T≤25,20,0.5,,
Gotion,Discharge,0-10%,25<T≤30,25,0.5,,
Gotion,Discharge,10-20%,25<T≤30,25,0.5,,
Gotion,Discharge,20-30%,25<T≤30,25,0.5,,
Gotion,Discharge,30-40%,25<T≤30,25,0.5,,
Gotion,Discharge,40-50%,25<T≤30,25,0.5,,
Gotion,Discharge,50-60%,25<T≤30,25,0.5,,
Gotion,Discharge,60-70%,25<T≤30,25,0.5,,
Gotion,Discharge,70-80%,25<T≤30,25,0.5,,
Gotion,Discharge,80-90%,25<T≤30,25,0.5,,
Gotion,Discharge,90-100%,25<T≤30,25,0.5,,
Gotion,Discharge,0-10%,30<T≤35,30,0.5,,
Gotion,Discharge,10-20%,30<T≤35,30,0.5,,
Gotion,Discharge,20-30%,30<T≤35,30,0.5,,
Gotion,Discharge,30-40%,30<T≤35,30,0.5,,
Gotion,Discharge,40-50%,30<T≤35,30,0.5,,
Gotion,Discharge,50-60%,30<T≤35,30,0.5,,
Gotion,Discharge,60-70%,30<T≤35,30,0.5,,
Gotion,Discharge,70-80%,30<T≤35,30,0.5,,
Gotion,Discharge,80-90%,30<T≤35,30,0.5,,
Gotion,Discharge,90-100%,30<T≤35,30,0.5,,
Gotion,Discharge,0-10%,35<T≤40,35,0.5,,
Gotion,Discharge,10-20%,35<T≤40,35,0.5,,
Gotion,Discharge,20-30%,35<T≤40,35,0.5,,
Gotion,Discharge,30-40%,35<T≤40,35,0.5,,
Gotion,Discharge,40-50%,35<T≤40,35,0.5,,
Gotion,Discharge,50-60%,35<T≤40,35,0.5,,
Gotion,Discharge,60-70%,35<T≤40,35,0.5,,
Gotion,Discharge,70-80%,35<T≤40,35,0.5,,
Gotion,Discharge,80-90%,35<T≤40,35,0.5,,
Gotion,Discharge,90-100%,35<T≤40,35,0.5,,
Gotion,Discharge,0-10%,40<T≤45,40,0.5,,
Gotion,Discharge,10-20%,40<T≤45,40,0.5,,
Gotion,Discharge,20-30%,40<T≤45,40,0.5,,
Gotion,Discharge,30-40%,40<T≤45,40,0.5,,
Gotion,Discharge,40-50%,40<T≤45,40,0.5,,
Gotion,Discharge,50-60%,40<T≤45,40,0.5,,
Gotion,Discharge,60-70%,40<T≤45,40,0.5,,
Gotion,Discharge,70-80%,40<T≤45,40,0.5,,
Gotion,Discharge,80-90%,40<T≤45,40,0.5,,
Gotion,Discharge,90-100%,40<T≤45,40,0.5,,
Gotion,Discharge,0-10%,45<T≤50,45,0.5,,
Gotion,Discharge,10-20%,45<T≤50,45,0.5,,
Gotion,Discharge,20-30%,45<T≤50,45,0.5,,
Gotion,Discharge,30-40%,45<T≤50,45,0.5,,
Gotion,Discharge,40-50%,45<T≤50,45,0.5,,
Gotion,Discharge,50-60%,45<T≤50,45,0.5,,
Gotion,Discharge,60-70%,45<T≤50,45,0.5,,
Gotion,Discharge,70-80%,45<T≤50,45,0.5,,
Gotion,Discharge,80-90%,45<T≤50,45,0.5,,
Gotion,Discharge,90-100%,45<T≤50,45,0.5,,
Gotion,Discharge,0-10%,50<T≤55,50,0.5,,
Gotion,Discharge,10-20%,50<T≤55,50,0.5,,
Gotion,Discharge,20-30%,50<T≤55,50,0.5,,
Gotion,Discharge,30-40%,50<T≤55,50,0.5,,
Gotion,Discharge,40-50%,50<T≤55,50,0.5,,
Gotion,Discharge,50-60%,50<T≤55,50,0.5,,
Gotion,Discharge,60-70%,50<T≤55,50,0.5,,
Gotion,Discharge,70-80%,50<T≤55,50,0.5,,
Gotion,Discharge,80-90%,50<T≤55,50,0.5,,
Gotion,Discharge,90-100%,50<T≤55,50,0.5,,
Gotion,Discharge,0-10%,55<T≤60,55,0.5,,
Gotion,Discharge,10-20%,55<T≤60,55,0.5,,
Gotion,Discharge,20-30%,55<T≤60,55,0.5,,
Gotion,Discharge,30-40%,55<T≤60,55,0.5,,
Gotion,Discharge,40-50%,55<T≤60,55,0.5,,
Gotion,Discharge,50-60%,55<T≤60,55,0.5,,
Gotion,Discharge,60-70%,55<T≤60,55,0.5,,
Gotion,Discharge,70-80%,55<T≤60,55,0.5,,
Gotion,Discharge,80-90%,55<T≤60,55,0.5,,
Gotion,Discharge,90-100%,55<T≤60,55,0.5,,
